0	douyin	2026-07-30T19:15	812	王者荣耀热度大幅下降的原因，原来因为这个 #盼之八周年宠粉 #王者玩家现状 #王者精彩推荐 #热门话题王者荣耀 #创作者扶持计划
1	douyin	2026-07-30T19:32	2	所以排到呆一些的辅助，中单要干两个人的活，要拆火，要开团，要盯屁股，有时候还要帮射手分担一些伤害。气得我去玩辅助两天上了二十颗星，如果玩中单我一周都上不了二十星。高一点的段位辅助其实真的不难玩，只要会玩几个硬辅廉颇张飞牛魔，看情况出真的很容易上分，但是我单排大概率都是遇到瑶朵莉亚墨子这些辅助，我自己也是女生不是英雄歧视，但是我遇到这些就是玩得很难受[哭哭]
2	douyin	2026-07-30T21:34	224766	谁要带我玩王者荣耀#王者荣耀 #连败
3	douyin	2026-07-30T21:56	0	前期，烂的要死。中期，差不多。后期，拉完了。
4	douyin	2026-07-30T22:16	1	等我飞天能穿墙资料不分叉等着吧[杀马特]
5	douyin	2026-07-30T22:40	1	法穿鞋，法穿棒，时之预言又不削，物理英雄的装备基本都很垃圾，而且我没记错的话最开始夺萃不受制裁影响，可以全额吃满16的吸血，结果后来加强梦魇的时候给夺萃的吸血调成了受影响，还有那个时之预言，给的双抗不受物理穿透影响[捂脸]阴不阴
6	douyin	2026-07-30T23:41	17	都错，就是elo劝退了一大堆人，谁不是从失败挫折无力但放弃，流失很多都是中分段的单排王，高手主播车队早上去了，新手菜鸡又无所谓，气跑的都是那些中分段想提升又要带几个累赘的。
7	douyin	2026-07-30T23:56	2	我对这个游戏就是三个字：无所谓，输赢真的不那么重要了，我用本命英雄打总是败方MVP，用不会玩的对抗英雄就能赢，没办法，系统让你输，你咋玩都赢不了，系统让你赢你挂机都能赢[哈欠]
8	douyin	2026-07-31T10:30	3	我觉得巅峰赛改成五分路确实拉完了
9	douyin	2026-07-31T10:49	40	听不懂，还是躲在水里最自在
10	douyin	2026-07-31T12:49	9	我觉得吧， 是对坑货太过于保护， 这游戏都不能骂人 ， 一个竞技游戏， 大家都不能开麦畅所欲言 [看]
11	douyin	2026-07-31T13:22	5	这个游戏从来不是竞技游戏，这就是一个纯商业游戏，核心要考虑的是要低中高玩家都能玩，然后让1个星期打2盘和1天打30盘的都能赢，还不能让你老赢，然后还要能卖皮肤，所以这根本不是竞技游戏
12	douyin	2026-07-31T14:44	1	我已经输疯了，昨天遇见了1-6的马超，想到这把输就气，结果马超被踢出去了，我就开始疯狂发全部感谢马超，我甚至想让对面赶紧给水晶推了，出去一看银牌加上赔偿的110分还加了一颗星，爽[鼓掌][鼓掌]
13	douyin	2026-07-31T15:22	0	金蝉我觉得不怎么冷门，最近玩的玩家太多了
14	douyin	2026-07-31T15:53	1	是不是下坡路无所谓，进去把所有文字和语音关掉，打两把消遣一下时间，然后下线
15	douyin	2026-07-31T18:31	0	为什么我的六耳一直守家？别人的六耳门门五杀
16	douyin	2026-07-31T21:37	1	蒙犽前期是很弱，但是装备起来伤害不是一般高，如果对面突进少，蒙犽伤害还是很高的[杀马特]
17	douyin	2026-08-01T01:29	18	这要是挂，我开学去吃饭排队的时候有一双白嫩纤细的手轻轻拍了拍我，我转头发现那是一个身高164，长相甜美，性格乖巧，带有一点傲娇属性，恋爱脑爱吃醋，黏人对人温柔，高马尾声音软萌不善于社交的傻白甜卡哇伊学妹，初来乍到忘记带饭卡看到我这么一个帅气和善的学长就鼓起勇气红着脸来寻求我的帮助，并和我共进晚餐后还和我约定明天要在同样的地点要请我吃饭，但她又忘记带饭卡，就这样我们一整个星期都一起吃饭也慢慢熟络起来并且在当天的周末她加上了我的联系方式，巧合的是每次她忘带饭卡都能在人群中找到我，她奔向我看着我的侧脸心中泛起阵阵涟漪，她被我的温柔，善良还有颜值被所攻略在这一天晚上我们共进晚餐时她突然凑到我的面前，支支吾吾双手在胸前不知所措，闭月羞花含情脉脉看着我说。如果每天你都在我身边，那我就再也不怕忘带饭卡了，这个时候我会起身转头沉默，在她饱含热泪的不知所措的时候转过头对他说喂喂喂，打算就这样轻易的闯入我的世界吗?就算你是个可爱的小学妹也无法原谅呢，真是的那就惩罚你后面的人生里的每一顿饭都和我一起吃吧，她一脸茫然用一双可爱的眼睛看着我，这时我会转过头对她说傻瓜，我答应你了[舔屏]
18	douyin	2026-08-01T01:58	22413	打团只打肉？逆风只会送？遇到这种“死心眼”打野赶紧跑！ #王者荣耀 #教学 #打野
19	douyin	2026-08-01T10:10	1	真不喜欢打野，开局我野区都没清完队友就掉了，然后我清完是先帮对抗了，帮对抗路杀死对面我又做传送去发育路，帮忙发育路中路又问我为什么不帮[捂脸]
20	douyin	2026-08-01T10:13	800	S44排位大变天！大量玩家打上王者1星就停手，三点原因太真实 S44排位大变天！大量玩家打上王者1星就停手，三点原因太真实#王者荣耀
21	douyin	2026-08-01T11:40	0	就这么说吧 孙尚香他看似很强实则一坨屎只有顺风的时候有才是最好发育的时候但凡逆风一点 孙尚香就是最好的那个突破口又脆又好杀而且不会玩的还没有逃脱力[笑哭]
22	douyin	2026-08-01T12:04	1	[戳手手]
23	douyin	2026-08-01T14:52	0	哎，我不理解的，重开很难吗？每次我们这边有人说有事情要重开的时候，队友老是不配合，选个猎奇阵容，然后就说然后还要开骂，一辈子没打过野，今天给我整的打野去了
24	douyin	2026-08-01T15:09	1	这个王者最近简直是闹鬼了，我上个赛季我朋友2100多分打我一个1300的，然后给打破防了，给王者删了。还有王者新出的六耳放在对面给我打爆了，放在我们家给我恶心死了，最近老是频繁的加强某个英雄搬位都不太够用了
25	douyin	2026-08-01T15:35	29	到底啥时候才能单排只排单排选手，我真的吐了，我从不怕对手强，就怕队友菜的离谱，
26	douyin	2026-08-01T17:17	15795	王者S44全英雄强度排行丨 没有手法，全是强度！#王者荣耀#梯度排行#暗信 #六耳
27	douyin	2026-08-01T18:00	571	我的月盘会转弯，我的炸弹又多又猛，我的玉兔有点疼，我的技能能摇人，察觉不妙升至空中，伞光你抓不住，我的大招万箭齐发，我的大招四段位移，只有前期强势的打野，吓死我了差点没吃到中线，怀八荒入酒虫
28	douyin	2026-08-01T18:06	0	我大司命呢
29	douyin	2026-08-01T18:54	52	这三位好像在那个博主视频里面经常见到
30	douyin	2026-08-01T19:10	13	庄周强度真的很低，对线完全就是少一个人的存在。团战那个解控的收益也没有特别高。
31	douyin	2026-08-01T19:19	101	我感觉小明自已可以一个梯队，目前唯一国服榜没过万就可以上的英雄[看][捂脸]
32	douyin	2026-08-01T20:24	0	敖隐呢？我们司马懿就该跟人家做对比吗？
33	douyin	2026-08-01T20:26	1	司马懿什么时候成猴了
34	douyin	2026-08-01T20:37	1	除了帧率，其他都降低，帧率拉满[黄脸干杯]
35	douyin	2026-08-01T20:37	1	海月真的超标吗，我觉得 第一，对单伤害少吧，不如安琪拉213 第二 ，对群不如小乔吧，超标的人配小乔可以拿5杀，海月拉幻境只能拉一个，实在想不到怎么五杀 第三，吃队友，拉人进幻境，里面杀不死人，外面还有4个人围着咋办 说错了别骂我，理性讨论，我才刚开始打王者
36	douyin	2026-08-01T22:13	1	我觉得六耳太脆了，要血量厚一点。
37	douyin	2026-08-01T22:54	57904	S44五个分路对抗体验最差的英雄有哪些？中路海月最强中路，对抗关羽，对抗路最完美的英雄。辅助盾山，版本最强辅助，打野孙悟空，虽然他打野强度不超标，但是对抗体验很差。#王者荣耀 #关羽 #海月 #孙悟空
38	douyin	2026-08-01T22:55	13	省流：关羽 海月 盾山 孙悟空 敖隐
39	douyin	2026-08-01T23:04	0	我只要吃线对友就摆烂了
40	douyin	2026-08-01T23:21	0	王者想黄 作为玩家的我必须添一把柴 就是摆烂挂机 顶天扣几分禁赛答题就搞定了
41	douyin	2026-08-01T23:58	0	我的妈呀，何止闹鬼了。现在属于是一天打10把游戏，输输赢赢，发现最后还不如不打，因为发现段位根本就没有变化，甚至星星都没有变多或是少，大干一场下来发现只是纯累到自己了。。。[尬笑]
42	douyin	2026-08-02T00:16	1	一着急哪个亮点哪个
43	douyin	2026-08-02T00:26	1	这赛季猪八戒挺强
44	douyin	2026-08-02T00:33	103	挑战英雄实在太有挑战[捂脸]
45	douyin	2026-08-02T01:05	1	海月甚至能把贝利亚的强度拉上来，双大牢布双大牢戬都太幼稚了，双大海月才是给对面真正的绝望[捂脸]
46	douyin	2026-08-02T04:24	14	猴子这个反野能力就是扫码，一级进野区敲一棒子然后筋斗云过墙，吃一棒直接半血，你还打不到他，他等个二技能过来3500的斩杀线我想不到哪个打野能守的，一点招没有
47	douyin	2026-08-02T06:59	4	盾山 你想赢可以玩 但是遇到不会玩的射手，你玩盾山没有用 遇到会玩的射手，他把你盾山当一个可以消耗的东西来看 所以你玩盾山的体验会不太好 我也只是一个1500 不要喷太重
48	douyin	2026-08-02T08:04	5	现在海月就是轮椅超标，开大拉进去人除了龙人我想不到谁能活，之前好歹能拉扯一下，现在拉进去打得过的就一直扔1，躲都没放躲，拉进去打不过的就一直点2出来让队友殴打你[捂脸]
49	douyin	2026-08-02T08:56	0	那李信呢？打野
50	douyin	2026-08-02T10:17	1	哦呵呵[微笑]
51	douyin	2026-08-02T10:49	0	不好，我女娲创世神大人竟然陨落了，从to陨落t1了。[流泪][流泪]
52	douyin	2026-08-02T11:10	4	我先说一下关羽是真的超标，我说实话关羽超标但是真的仅限于高手吧，我现在关羽9000，英雄手感玩的真的不知道咋说，反正我玩龙腾万里手感真的难受，越玩越难受，而且没疾跑感觉一点用没有，反正我没疾跑根本跑不动，有没有关羽高手兄弟告诉我这玩意怎么提高上限，我现在对线想清兵还被对面打状态
53	douyin	2026-08-02T11:12	1	@烦心事 海月那个反弹一技能是真扫码
54	douyin	2026-08-02T11:32	1	司凤猴子终于被发现了，以前都说出个布甲鞋就打不动怎么我八百物抗还是四棍升天😂不出抵抗鞋你几乎必吃三棍还不了手私人跳棍跑也不跑掉追也追不上[捂脸]
55	douyin	2026-08-02T11:37	0	我真觉得是闹鬼了。刚开始玩输赢，后面就是一直输输输输输，遇到的队友一个比一个奇葩。知道我玩的菜，但是我不说话，队友让我去哪我就去哪。但是他们玩的菜还对骂，然后还喜欢瞎打，人家敌方都在打团战了我方，散是满天星，龙是不打的，聊天区骂的热火朝天，还有的直接谈起了恋爱，对上了还说我方的就给你吧，我嘞个大豆能不能体谅一下我们其他队员的感受？什么叫反正输了这一局没什么。我有什么呀？！我有所谓的啊！！！真是疯了，真是疯了。抢英雄抢的热火朝天，好吧帮你抢，结果你告诉我你一整局下来，你除了死你就没杀过一个人，你还不是辅助？哎哟喂，英雄没抢到直接还在聊天区里面说：真是服了，把我的英雄禁了，一点都玩不下去了，不玩了。哎哟喂，我请问呢？遇上你们，我真的是倒了血霉
56	douyin	2026-08-02T14:08	119612	王者S44赛季对抗路梯度排行榜，牢九门彻底洗牌成了四驱兄弟！
57	douyin	2026-08-02T14:44	0	可是空空儿那个皮其实也没有这么奇怪吧？[捂脸]
58	douyin	2026-08-02T16:33	2	可是他不一样
59	douyin	2026-08-02T16:55	3	我从黄金打到铂金，一直在黄金铂金徘徊……以前还上过钻石，现在连钻石都上不去[微笑]
60	douyin	2026-08-02T17:12	0	之前红莲照样热门啊,就是因为他加双防并且能够有输出才出的,可是现在红莲斗篷改了之后，你看有多少战士出？仅仅只加了防御的红莲，很容易被法师打死,与其说大家爱出黄刀，还不如说法师太强了,有很多局明明只有一个法师有法术伤害,但还是得出一件加法抗的[捂脸]
61	douyin	2026-08-02T17:35	6	本赛季上了八次王者，现在在星耀二。[流泪]
62	douyin	2026-08-02T18:27	2	关羽跟海月比起来真的是大巫见小巫了。关羽好歹要点手法吃点难度对不对？海月简直是我见过最少了大码的英雄。本来以前的机制就够恶心人了，结果策划居然给他来了个加强大招更阴间了。还有那个六耳也是十分的扫码。右耳其实强度不算特别高，也没有那么超标，但是他那个敲人的时候会把你敲进地里面。控制效果不算那么恶心，但是极其影响手感，玩司空震这种吃手感的英雄被敲一下，你就知道有多难受了。
63	douyin	2026-08-02T18:50	13	叽里咕噜说啥呢？哦吼吼吼出局🤣
64	douyin	2026-08-02T19:14	0	@鲸落. 自己来看该练什么英雄
65	douyin	2026-08-02T19:30	24767	都说对抗路是最好混的位置，但同时也是最没用的位置！#王者#对抗路#老夫子
66	douyin	2026-08-02T19:30	1	怎么把我项羽大王忘了[发怒]
67	douyin	2026-08-02T19:46	169	这也就是为什么关羽这么强，因为关羽这英雄的支援能力强，他参与度够高，你其他英雄就更别说了
68	douyin	2026-08-02T19:56	4	嫦娥海月猫咪大乔 敖隐源射公孙离百里 盾山少司缘苏烈 影 虎马超
69	douyin	2026-08-02T20:04	2	谁还记得胖猫
70	douyin	2026-08-02T20:50	35	私凤海月过河道只需要狂按大招[捂脸]
71	douyin	2026-08-02T21:25	2	孩子们。。。
72	douyin	2026-08-02T21:39	9	老夫子这个英雄很强但是玩的真的特别痛苦[钱]
73	douyin	2026-08-02T22:00	3	四区里面没有孙策我是不服的
74	douyin	2026-08-02T22:27	0	今天玩把赵云吃了两波线，中单那个臭猫咪说我不能吃它线，演了一整把[微笑]
75	douyin	2026-08-02T22:30	5	我伯爵大人已经被逐出对抗路了吗[流泪]
76	douyin	2026-08-02T23:00	0	评论区说关羽不阴的都来了[笑哭]我真没绷住真的
77	douyin	2026-08-02T23:50	1819	对抗路又回到当初清完线在塔下刷抖音的时代了[捂脸]
78	douyin	2026-08-03T00:00	155	对抗真正有带飞能力的英雄就只有司空震[捂脸]射手这个位置虽然坐牢，但是打到大后期的话，射手还是非常重要的。对抗路是给队友当狗，发育路是抗压。
79	douyin	2026-08-03T00:34	20	没招了，摆[钱]
80	douyin	2026-08-03T03:05	3	可是我觉得项羽真的很强呀[黑脸]数值太逆天了，不错的续航加强力的控制和自带弱化，以及大招锁血，堆点肉打团直接走过去追着C位打
81	douyin	2026-08-03T05:38	1	海月盾山关羽猴子六耳是真得削了[绝望的凝视]对比下来龙人我倒是觉得正常强度了，反正我现在还挺喜欢对面出龙人。等后面卢亚娜上限策划估计会刻意安排她超标一段时间，借此挤压一波龙人ban率和舆论[黑脸]
82	douyin	2026-08-03T07:51	7	先别管有没有用，我这一个大下去国服来了也得躲
83	douyin	2026-08-03T09:42	9	对抗体验最差的是射手[黑脸]然后再是对抗[黑脸]
84	douyin	2026-08-03T10:41	1	出纯肉混混得了，又不打职业[钱]
85	douyin	2026-08-03T11:46	4	我们劳橘已经不属于对抗路了[泣不成声]
86	douyin	2026-08-03T12:06	303	我早就料到你会来
87	douyin	2026-08-03T12:53	43	兄弟们平时打王者荣耀手机发烫一打团就掉帧卡顿，其实这是你的手机和游戏设置出了问题，现在豆包就可以给我们解决！#人类对豆包的开发不足百分之一 #王者荣耀 #王者荣耀卡顿 #豆包优化帧率 #王者荣耀掉帧卡顿 豆包优化王者荣耀
88	douyin	2026-08-03T13:09	115934	S44赛季中八月份打野梯度排行，T0依旧镜裴擒虎马超三换神，赵云成为三幻神下第一打野。露娜加强之后强度回暖至T1.5，六耳和猪八戒的强度很大一部分来源于信息差。想上分就不要玩云中君 阿轲 兰陵王 澜 盘古 刘备 娜可露露 梦奇 元坦 兰陵王 夏侯惇这些没强度的英雄。#王者荣耀 #打野 #马超 #赵云 #镜
89	douyin	2026-08-03T13:19	2	我六年级同学百星
90	douyin	2026-08-03T13:36	0	还没有加强的消息吗
91	douyin	2026-08-03T17:27	1	？军书十二卷，卷卷有爷名
92	douyin	2026-08-03T17:47	0	我服了，砖石真的难打呀[微笑]
93	douyin	2026-08-03T20:22	0	什么叫做1分15秒出野区
94	douyin	2026-08-03T22:09	2	3 个老年人在树底下唠嗑呢
95	douyin	2026-08-03T22:23	0	这个怎么样？[憨笑]
96	douyin	2026-08-03T22:34	4	砖石是真难，大号一百多星了，小号钻石局是真难啊[捂脸]
97	douyin	2026-08-03T22:49	56286	《八月最新中路梯度排行全解》 附带当今强势中路英雄最全教学与解析，最新出装铭文，带你学会大乔，海月，嫦娥之所以强势的底层逻辑，策划该看看该削弱谁了！#王者荣耀 #中路#教学 #嫦娥 #杨玉环
98	douyin	2026-08-04T00:11	1	曜澜刘备露露无人问津了吗[捂脸]
99	douyin	2026-08-04T00:14	47	开局两分钟就被克制的男人
100	douyin	2026-08-04T00:15	922	[钱]
101	douyin	2026-08-04T00:42	1	空空儿真的吗？有时间试试[看][看][看]
102	douyin	2026-08-04T02:01	6	。？我的妈呀。我还没上1800呢，怎么已经新赛季了
103	douyin	2026-08-04T02:27	0	梦奇强势期在中期，坦度起来，对面又没多少伤害，之前的边惩梦奇就是这样，通过掠夺中立资源来快速到达强势期，因为打野比其他英雄发育太慢了。后面策划给传送之灵改成兵线了，变相又砍了一刀边惩[困]
104	douyin	2026-08-04T03:07	8	还是躲在天上最自在
105	douyin	2026-08-04T03:41	3	其实孙权是一个隐藏阴间，削弱那么多次都是假的，没有影响，你们千万不要玩啊，我都被打怕了[流泪][流泪][流泪]臭轮椅阴间[发怒][发怒][发怒]特别是带个孙膑，强度比马超还强，千万不要让辅助玩孙膑朵莉亚，不要上假分[杀马特][杀马特][杀马特]
106	douyin	2026-08-04T08:07	3	你们五楼憋诸葛亮的到底啥意思……
107	douyin	2026-08-04T11:22	1	报纸呢，我的报纸呢[流泪][流泪][流泪]
108	douyin	2026-08-04T11:30	3234	我家婉儿是飞出t度榜了吗
109	douyin	2026-08-04T11:56	13	哈喽我的弈星呢？[爱心手]
110	douyin	2026-08-04T12:45	5	还是躲在草里最自在[钱]
111	douyin	2026-08-04T13:00	1	强是强，就是队友太坑了
112	douyin	2026-08-04T13:18	2	这种局怎么打[噢买尬]
113	douyin	2026-08-04T13:20	13381	已经强到不在榜单了吗……
114	douyin	2026-08-04T14:14	0	二代有10层被动
115	douyin	2026-08-04T14:49	47	王者上分最容易的三位英雄，堪称赛季版本答案 #王者荣耀
116	douyin	2026-08-04T15:31	11	这个博主让我1分15秒出野区[尬笑][尬笑][尬笑]
117	douyin	2026-08-04T15:43	0	[抠鼻][抠鼻][抠鼻]
118	douyin	2026-08-04T15:50	8	我一个玩弈星和上官的一点招都没有了[钱]
119	douyin	2026-08-04T17:15	0	感觉孙悟空上分也挺简单呀，六神装出齐之后，两棒子对面射手和法师就得回泉水。
120	douyin	2026-08-04T17:44	8	一花一叶一菩提依旧美美隐身
121	douyin	2026-08-04T18:52	43104	关羽影已严肃超标，对抗路现状已是群魔乱舞之局 #好心态决定王者玩家的一生 #王者荣耀
122	douyin	2026-08-04T19:18	2	对抗路现在的困境是付出和 收益完全不成正比。线上单杀对面再多次，只要其它路炸一次把努力全部白费。往往陷入一个困境，其他路炸了，你只要去支援一次，你的优势就没了。
123	douyin	2026-08-04T20:21	45269	手感全无
124	douyin	2026-08-04T23:20	16	关羽：马超你会不会玩
125	douyin	2026-08-04T23:36	4	马上评论区某分路王子要拱火了[绝望的凝视]
126	douyin	2026-08-05T00:54	1	有没有人说一下，现在野马到底还值不值得练？
127	douyin	2026-08-05T02:10	1945	不知道加上我能不能绷得住？
128	douyin	2026-08-05T02:32	8	原来我的直觉是对的吗？[宕机]早在很早几个赛季之前我就一直觉得关羽这个角色很超标，有解控，又肉，又灵活，能让人强制位移，而且还能打断大部分射手的普攻行为，你只用出一件黑切就能打的射手，找不到北，我之前一直以为是我太菜，但是现在知道了，它是真的超标[宕机][宕机][宕机]
129	douyin	2026-08-05T03:37	0	对抗体验差是因为穷和中路前期压制力太强。以前对抗的中立资源是最多的优势方可以多拿4组小野，直接把t2卷没了。不过经过这两个赛季的内卷之后，现在强势的是英雄本身素质够高且适合传送的英雄，和以前的强势英雄主要靠刷钱不同。对抗路小加强一直有，不过都掩盖不了穷的事实。直到穿透装统一度量衡之后，对抗的小改动和加强才先开始兑现。对抗体验确实不差，但是中野辅这两个赛季，吃的实在太好了显得双边根本就是路边一条，现在边路环境好起来了自然也就会有矛盾。
130	douyin	2026-08-05T04:07	419	早期人类的斗智巅峰[憨笑]
131	douyin	2026-08-05T08:39	2	中路对抗路和辅助简直是对比最鲜明的位置。都是三个分路在路人登场率很高的反而是胜率低的英雄，以至于他们碰到高手就只能挨打。首先辅助都是什么水平都懂，瑶朵莉亚蔡文姬随机匹配呗，至少大部分时间都是弱打弱，中路呢好歹有面具日暮这种保底装备，负责生存就行了，其实也差距也拉不到哪里去。对抗路你玩个项羽吕布打得过谁？人家发育路打野登场率高的英雄胜率哪有像这些英雄这么低的？要我说把这些登场率高但是弱势的英雄随便找个借口给她削了，喜欢玩吕布妲己瑶？全都给削了，这群人真正意识到自己玩弱势英雄被暴打了就会玩强势英雄去净化环境了。
132	douyin	2026-08-05T08:57	1	不是 当时玩的一把 前期压着对方打 对方就拿了5个左右的人头 我就帮着边路抓 人头我占全队的一半 经济第一 我方队友还嘲讽对面的…我还以为这把这么轻松 到了最后 咱不知道怎么回事 逆风了…[流泪]我真是累了 不知道谁把那个臭伽罗喂饱了[流泪][流泪] 我说这么有优势的局居然还能被翻盘[流泪] 我们经济领先人头领先 这也能输阿…噢………[流泪]
133	douyin	2026-08-05T10:30	1	您刚才是用屁股坐了一下我，而不是陨石，对吗？
134	douyin	2026-08-05T11:04	1	因为策划都是对抗路玩家[笑哭]
135	douyin	2026-08-05T11:15	1	打团就是不会找关羽最后被人家顶飞就开心了[绝望的凝视]本来我还能后手海月去找关羽现在已经被锁死了[抱抱你]玩其他中路就是不跟我一起找 四个人一定要打上去[撇嘴]
136	douyin	2026-08-05T13:39	3	对抗路真弱的那几个已经被遗忘在下水道了[泪奔]
137	douyin	2026-08-05T15:27	652	开摩托车翘头不抓你抓谁[捂脸]
138	douyin	2026-08-05T18:56	1019	两千分的意识思维，却卡一千五上不去，打野复盘教学给你解密 #诸葛亮 #打野 #打野教学 #王者荣耀 #巅峰赛
139	douyin	2026-08-05T19:08	3	鲨鱼：啊疼！
140	douyin	2026-08-05T20:10	2	芈月要是被拉这么多经济那超级兵都不如
141	douyin	2026-08-05T20:34	2	明哥怎么可以投稿复盘
142	douyin	2026-08-05T21:26	3	玩王者一年，最近一周才开始打巅峰赛主播能看我复盘吗？[流泪][流泪][流泪]
143	douyin	2026-08-05T21:59	2	低分段诸葛不行，玩的不好，还不如玩个宫本去控人，玩得好的，玩别的英雄更能乱杀[捂脸][捂脸]
144	douyin	2026-08-06T01:08	139	那我带入对面视角，不就是手感全有了吗？
145	douyin	2026-08-06T03:17	1	谁懂啊，打一下午输三颗星[泣不成声]
146	douyin	2026-08-06T08:33	15	大家悄悄玩弈星就行了，说不定还能加上[戳手手]
147	douyin	2026-08-06T09:14	0	[黑脸]不不不不多利亚以前怕她 现在还是怕她
148	douyin	2026-08-06T09:57	46	[钱]艾琳电动轮椅，[钱]百里手动轮椅
149	douyin	2026-08-06T13:32	64	王者真的越来越颠了，离退游不远了☠️ #被王者做局了 #王者荣耀游戏玩家 #该死的王者 #王者荣耀
150	douyin	2026-08-06T14:12	0	[捂脸]
151	douyin	2026-08-06T14:36	3242	S44赛季中，对抗路梯度强度排行！ #王者荣耀 #抖音小王夏令营 #欢迎来到我的峡谷 #欢快小乐乐 #佛系农场主
152	douyin	2026-08-06T14:44	1	我谢谢你 我又入坑了[宕机]
153	douyin	2026-08-06T15:17	3	玩关羽哪吒暗信
154	douyin	2026-08-06T16:53	1	一千五中路想挑战2100，求一个安卓号
155	douyin	2026-08-06T16:57	3	碰到这个阵容怎么打呢？
156	douyin	2026-08-06T18:17	1	@Finn~人类阿宝 以前凯刚出，就只有太乙和异星可以抗得到第2刀 [捂脸] [捂脸]
157	douyin	2026-08-06T18:21	0	王者是1V9公平游戏
158	douyin	2026-08-06T19:34	0	好真实，讲的[赞]
159	douyin	2026-08-06T20:04	0	跟莎莎学了西施真的感觉好有信心
160	douyin	2026-08-06T21:51	63	太棒了兄弟你刘邦叔叔依旧跳出对抗之外，不在辅助之中
161	douyin	2026-08-06T22:13	14	这游戏本来就不是让你好好玩的 我现在玩这游戏主打就是破坏游戏环境 争取让人多退游
162	douyin	2026-08-06T23:43	2	@岁岁 我去，排位咋也动，这咋打[发呆]
163	douyin	2026-08-07T01:15	1	完全不想玩了
164	douyin	2026-08-07T01:23	0	昨天刚打上王者，1星，这个赛季不会再摸排位了。
165	douyin	2026-08-07T01:40	0	放块肉，别偷吃。
166	douyin	2026-08-07T02:28	4	开局出场那个加油语音要死不活的，我都怀疑我听错了[懵][懵][懵]
167	douyin	2026-08-07T03:07	1	说个丢人的,我巅峰就1900，但是元歌打不过程咬金，三级失误了一下送了一个，自家打野不来，后面对面打野来了两次，就全程被压，这玩意开个大招追到高地把我家远射越了还能半血撤离[黑脸]
168	douyin	2026-08-07T03:57	5	亚连也是完了[冒汗]
169	douyin	2026-08-07T07:08	0	澜：我就知道这小子在色诱我
170	douyin	2026-08-07T08:49	0	试试微信小游戏“我的英雄超多”太逗了
171	douyin	2026-08-07T09:28	74	也是吃到版本红利了
172	douyin	2026-08-07T10:05	1	狼人杀[泪奔]
173	douyin	2026-08-07T10:19	0	主要是庄周很恶心过对面玩的话真的很恶心你打打不动他，他打你身上还贼疼。可是你要拿他无可奈何，因为你根本打不死他，他血太厚了。
174	douyin	2026-08-07T10:40	0	打巅峰赛去啊，巅峰赛又没改
175	douyin	2026-08-07T10:48	1	有时候团战一波活下来了 还会被说不扛伤害 关键是我把你们该保的都保了 我还没死我有啥办法[泣不成声]
176	douyin	2026-08-07T12:08	1	我只玩了140场[微笑]
177	douyin	2026-08-07T13:18	7	雅典娜别问，问就是绝活哥苦苦支撑
178	douyin	2026-08-07T13:35	26	还有那个开局握手的语音听着虚弱的跟快死了一样[噢买尬][噢买尬][噢买尬]
179	douyin	2026-08-07T15:23	0	我是因为他害了孩子才不玩的。
180	douyin	2026-08-07T16:58	4	拿了一把5连绝世 直接给你安排连跪
181	douyin	2026-08-07T17:00	11613	露娜：这镜跟鬼有什么区别？6分钟让你看懂高端局.. 国服打野斌斌+双国服阵容，对阵武则天全屏群控+老夫子定点强开体系，最终龙团老夫子一招锁定战局！#王者荣耀 #巅峰赛 #镜 #欢迎来到我的峡谷 #上分万战咖
182	douyin	2026-08-07T17:14	1108	几乎零失误的戈雅和后期发力的老夫子[泣不成声]
183	douyin	2026-08-07T17:15	1	真的很看不起小朋友，我之前拿我那个小号，带我妹妹，我就20多个皮肤，被炸的人，恶意非常大，说什么小学生买不起皮肤，叫mm送你一套地狱火。我是不在意，我妹妹直接就哭了
184	douyin	2026-08-07T18:25	9193	2分半速看S44赛季中辅助梯度排行 #王者荣耀 #辅助 #盾山 #朵莉亚
185	douyin	2026-08-07T18:39	1999	如何应对版本T0阵容，原来答案这么简单！！ 一定要看到最后！#王者 #反差
186	douyin	2026-08-07T20:03	39	曾经我有一个很好的兄弟，如今他却来夺走属于我的位置
187	douyin	2026-08-07T21:24	0	这还咋打都成路边一条了 依旧不削中路
188	douyin	2026-08-07T21:58	1	其他分路混不下去了，来对抗路吧。
189	douyin	2026-08-07T22:35	32	你空空儿叔叔又美美隐身了[黑脸]
190	douyin	2026-08-07T22:37	0	玉环如果玩的是日暮秒伤那一套，且对面没回血，最后一件装备栏一般都是再加一件法穿棒。但如果对面没有特别高的抗性，这件法穿棒就可以换成神器或者回响我一般都出冷静鞋日暮巫术大帽神器回响[钱]
191	douyin	2026-08-07T22:45	6	我好像知道我为啥上不去了[黑脸][黑脸][黑脸]，感觉这个诸葛和我玩的差不多[黑脸][黑脸][黑脸]不过我玩的是中单诸葛，没有进野区的欲望，除非没蓝了而且对面防不住野区。[黑脸][黑脸][黑脸]
192	douyin	2026-08-07T23:25	0	强？？？
193	douyin	2026-08-07T23:49	0	电影的给我们一些配的什么队友,依旧每日开团不上。连两把都是这样的队友。真不想再吐槽王者了。我已经五连跪了。守家也不守。叫他们清兵线就打人。
194	douyin	2026-08-08T00:40	10430	放弃无用技巧吧！只要搞懂五条路该干啥，闭着眼睛都能上王者！ #王者荣耀 #教学 #上分技巧 #欢迎来到我的峡谷 #上分万战咖
195	douyin	2026-08-08T00:42	126	你们第一个五杀的英雄是谁[捂脸]
196	douyin	2026-08-08T00:53	1	原来是t2呀 我以为t10086[流泪]
197	douyin	2026-08-08T02:02	6	对抗路钟无艳，中路甄姬，发育路后羿，辅助神秘蓝色生物，打野李白
198	douyin	2026-08-08T02:07	4	对抗狂铁/猪八戒，中可以周瑜/海月，打野澜？感觉行又不行的/元流两个都行，射辅得僵王博士
199	douyin	2026-08-08T02:17	65	程咬金 阿轲 妲己 马可 孙膑 直接把对面打爆[捂脸]
200	douyin	2026-08-08T02:48	2	狂铁 镜 海月 戈雅 朵利亚 第一套 司空震 杨戬 火舞 龙人 朵利亚 第二套 狂铁 橘右京 海月 狄仁杰 孙膑 第三套
201	douyin	2026-08-08T03:09	0	猪八戒，大司命，武则天，庄周射手选择影。[抠鼻]
202	douyin	2026-08-08T05:23	3	狂铁、镜/赵云、安琪拉/火舞、龙人、廉颇，为什么有安琪拉，因为对面这个阵容蒙恬很难躲她的技能，爆发够高，清线够快，站住位置，入侵很难打
203	douyin	2026-08-08T06:45	4	元辅冷门到甚至没有上榜单[绝望的凝视]
204	douyin	2026-08-08T07:20	0	哈哈
205	douyin	2026-08-08T07:47	8	司空震前期弱？[泪奔]带个狂暴芈月都打不过他
206	douyin	2026-08-08T09:06	81	元辅脚本写了忘了填了[捂脸]补充一下：元辅《 缺点比较缺蓝 不推荐一楼拿 就怕控制多突进阵容 强势点 容错高 有续航 CD很短 对线无敌 还很灵活 还能打推 》qs：见解来自（08天才辅助，方智睿）
207	douyin	2026-08-08T12:05	0	我还是喜欢玩这个
208	douyin	2026-08-08T12:28	0	我已经把号给扫码哥玩去了[泪奔]无双贵族已经掉了现在我也不打算充钱了
209	douyin	2026-08-08T12:30	3	很难想象，一个英雄拥有两段位移，大招还是锁定，竟然摸不到人[捂脸][捂脸][捂脸]
210	douyin	2026-08-08T13:01	0	@华坨坨 1:20
211	douyin	2026-08-08T13:08	1	我1500分，你让这个诸葛来跟我对线，我不把他史打出来算炸单
212	douyin	2026-08-08T13:39	3	1400队友选择：孙权、朵利亚、妲己、亚瑟[震惊]
213	douyin	2026-08-08T14:02	1	只有我一个人是这样子的吗[尬笑][尬笑]
214	douyin	2026-08-08T14:55	4	我本来准备大学特学的
215	douyin	2026-08-08T14:55	3	对抗光信，打野阿轲，中单西施，射手伽罗，辅助三鹿奶粉，我这阵容无敌，六分钟必结束
216	douyin	2026-08-08T16:16	853	以前打游戏是解压，现在打完只剩疲惫 #王者荣耀
217	douyin	2026-08-08T16:34	49001	为什么说辅助的ban位是对英雄池的考验 #辅助 #王者荣耀
218	douyin	2026-08-08T16:46	0	想削一个英雄就用低段位的号大肆刷新英雄胜率，污染王者的营地数据，就算是T10086英雄只要低段位胜率高也得继续被削[黄脸干杯]
219	douyin	2026-08-08T16:58	0	大招真的刮痧，二技能现在能被打下来了，玩了一局拉一地[捂脸][流泪]
220	douyin	2026-08-08T17:20	0	[抱拳][微笑]偷塔流，请赐教
221	douyin	2026-08-08T17:44	3	骗你的，真开局了你的队友
222	douyin	2026-08-08T17:48	0	直接掉到零，然后输了。然后那个画面直接就是卡的一动不动的。😂😂
223	douyin	2026-08-08T18:20	21564	铠增强计划 #版本弱势英雄
224	douyin	2026-08-08T18:46	3	最终的原因就是边路是个李信是一个比较强的前期射手但是同样的他的缺点没有巨大的经济情况下，他没办法接管比赛不能跟常规射手，只要出了三件套就能接管比赛
225	douyin	2026-08-08T19:09	235	有玩家表示打野英雄超标！策划回应菜就多练！ #王者荣耀 #欢迎来到我的峡谷 #欢快小乐乐 #娱乐
226	douyin	2026-08-08T19:52	34431	别怀疑自己菜！王者就这几条铁律，26年刚玩的萌新也能脱坑！ #王者荣耀 #教学 #欢迎来到我的峡谷 #上分万战咖#青年创作者成长计划
227	douyin	2026-08-08T19:57	636	你们打过最高暴击是多少？
228	douyin	2026-08-08T20:35	3	《伤害较低》
229	douyin	2026-08-08T21:29	16744	海月的真实强度到底怎么样？中单之首实至名归！ #王者荣耀 #中单 #海月
230	douyin	2026-08-08T21:35	1	啊这么快吗。现在还在星耀二。刚开始也是星耀三
231	douyin	2026-08-08T21:37	4	如果是真的我一人充一个典藏
232	douyin	2026-08-08T21:54	4	莎莎为啥评分这么低
233	douyin	2026-08-08T21:55	20	这个我是真绷不住[捂脸][捂脸]
234	douyin	2026-08-08T22:03	4	你赵怀真叔叔二级梯度t1，后面升一级掉一个梯度[笑哭]
235	douyin	2026-08-09T01:03	5	露娜打镜，我记得微凉当年巅峰时期不是露娜可以打的过镜，镜打的过露娜吗[捂脸]
236	douyin	2026-08-09T01:32	0	行啊，把打野的位移删了，你把法师的技能伤害改成普攻
237	douyin	2026-08-09T01:40	0	呵，中路怪我不会玩[调皮]
238	douyin	2026-08-09T03:07	1	海月就不能把这个幻境删了吗，英雄定位写的远程消耗，结果大招还要贴脸拉人，不如一二技能拆开独立月盘，大招改成原来幻境时间的免伤CD，手这么长当炮台玩不是更好玩[宕机]
239	douyin	2026-08-09T03:43	0	无畏契约 它是在王者匹配机制出现之后出来的一款游戏 它没有王者的匹配机制 你什么段位就给你匹什么段位的人 可是现在也变味了 上个赛季，不管是打到了超凡 还是神话 都掉到了铂金 现在铂金局都打不过了[泣不成声]
240	douyin	2026-08-09T05:41	0	有没有人，互相打战力的，我给你打我擅长的，你帮我打你擅长的。
241	douyin	2026-08-09T06:25	0	上了王者我都不打了
242	douyin	2026-08-09T07:22	1	不对吧，有一局我玩对抗路对面玩那个廉颇，然后我玩那个貂蝉，然后那个廉颇一直消耗我，我不想理他，结果他把我消耗间谍的时候突然斩杀，把我带走了，然后我二级的时候就直接成功把他反杀了，然后后面我就一直反杀，从原本我都后台100经济到我现在反超他1000多经济，所以说选好英雄才最重要的（人个人观点不行的话
243	douyin	2026-08-09T07:46	0	萌新 有没有人带？
244	douyin	2026-08-09T08:06	0	不抓你们，难道等你们后期反打我们吗？[笑哭][笑哭][笑哭]
245	douyin	2026-08-09T08:17	3	朵莉亚跟瑶比还少了控制，这玩意除了刷大找不出能看的点[捂脸]
246	douyin	2026-08-09T08:41	1	10个赛季王者，只到现在我已经没有去上星的心了，不争了，就打打新模式，打打无限，一天打两吧就不打了[哈欠]
247	douyin	2026-08-09T08:44	0	给各位看看 8 月的新数据
248	douyin	2026-08-09T08:55	3	13000李信告诉你，这波人信玩家没错[杀马特]
249	douyin	2026-08-09T09:27	0	我人都麻了
250	douyin	2026-08-09T09:50	0	皮肤也是 好多传说免费送 就比如之前的限时点券 以前都是要花钱买的 现在都送了 对氪金玩家挺不公平的[捂脸]
251	douyin	2026-08-09T09:52	34	削弱中路的扣一
252	douyin	2026-08-09T10:11	1	其实海月现在最重要的是削伤害，补大招[捂脸]海月拉进幻境，是完全不缺伤害的[捂脸]最大的问题就是现在大招CD变长了，拉不进去就秒[捂脸]对手被拉进去了，也会被秒[捂脸]双方几乎都没有博弈空间
253	douyin	2026-08-09T10:29	3	哪是拉的野王不行吧[黑脸]
254	douyin	2026-08-09T10:38	856	这游戏到底谁在赢？最恶心的一个赛季！ #王者荣耀 #匹配机制#排位现状#S44排位最难上分赛季
255	douyin	2026-08-09T10:58	0	有没有海诺 曹操 扁鹊 孙膑差四个
256	douyin	2026-08-09T11:13	2	回到以前的万爆就好了
257	douyin	2026-08-09T11:27	0	服了，我下载管理里面有 7 千多 m，我说怎么掉帧那么严重，给我画面一帧一帧的卡
258	douyin	2026-08-09T11:31	283	阁下该如何应对？[愉快]
259	douyin	2026-08-09T11:33	0	云缨到底怎么样啊？
260	douyin	2026-08-09T12:10	1	打野还没进场就被比自己落后2000经济的海月拉幻境里反杀了[捂脸]
261	douyin	2026-08-09T12:32	4	[流泪][流泪][流泪]一直都打不赢干将和米莱狄咋办？
262	douyin	2026-08-09T12:35	7	吓哭了，海月大人
263	douyin	2026-08-09T13:16	524	S44赛季ban率最高的十位英雄，不知道ban谁，ban他们准没错。#王者荣耀#王者教学 #青年创作者成长计划 #上分万战咖
264	douyin	2026-08-09T13:17	10	四年老玩家认真观看中[钱]
265	douyin	2026-08-09T13:22	0	再说他们自己没有打野吗
266	douyin	2026-08-09T13:30	3	我在抖音上甚至能看到说海月强度不如猫咪女娲的[捂脸]
267	douyin	2026-08-09T13:37	3	我是三年萌新 有人一起玩吗[哭哭]
268	douyin	2026-08-09T14:00	1	昨天出的，但是我不玩王者啊[流泪][流泪]
269	douyin	2026-08-09T14:22	0	其实根本没玩，好几天都没玩过了，心血来潮就跟表弟表妹耍两把，没心情，根本不上号。[憨笑]
270	douyin	2026-08-09T15:18	2	我是新手，谁来教我玩[色]
271	douyin	2026-08-09T15:43	5	真的没人记得它了吗[流泪]
272	douyin	2026-08-09T16:35	1	有谁要一起玩吗（新手，可能有点菜）
273	douyin	2026-08-09T16:39	0	我巅峰赛1800掉到1500[捂脸]，成功退游[捂脸]
274	douyin	2026-08-09T17:11	0	你们就不知道了吧，三角洲，和平也有老六呀，对一个游戏厌倦了自然厌倦了，反正不管咋样也不会放弃自己以前喜欢的东西吧
275	douyin	2026-08-09T17:14	28303	铠！增强！#铠 #王者荣耀 #铠增强
276	douyin	2026-08-09T18:05	0	不是，只要是这么坚强，凯天天上班位呀
277	douyin	2026-08-09T18:11	7	真正弱的是那位神秘纵火犯，打架之前还得铺火，铺完发现打完了[钱][钱][钱][钱]
278	douyin	2026-08-09T18:34	1	别看海月单挑强，其实他清线更快。
279	douyin	2026-08-09T18:41	645	这个游戏真的还有最近入坑的萌新吗[黑脸]
280	douyin	2026-08-09T18:43	6049	现如今的关羽，真的数值超标了吗？#王者荣耀 #关羽超标 #中路玩家 #排位破防
281	douyin	2026-08-09T18:55	0	你觉得六耳超标，那你把那个妲己给我削弱一下
282	douyin	2026-08-09T19:26	44925	王者s44八大天王超标英雄#王者荣耀
283	douyin	2026-08-09T19:28	276	喝两斤都不知道自己为啥超标[流泪]
284	douyin	2026-08-09T19:57	5	这种打野最好了
285	douyin	2026-08-09T20:33	0	来来来官方你说一下我真的不想玩这个游戏直接给我锁到流畅根本玩不了一点优化优化一头，现在我的画质根本调不了一点，就一直卡在这个死。流程[微笑][微笑][微笑][微笑]
286	douyin	2026-08-09T20:53	0	我大号83评才34星，小号学磊哥32评也34星[捂脸]
287	douyin	2026-08-09T21:17	80856	王者荣耀新模式超极限狂潮简直夯爆了呀，太好玩了，这期视频分享几个强度高又好玩的英雄，肉哪吒，肉海诺，输出貂蝉，光之巨人墨子，长臂猿伽罗。#王者荣耀 #哪吒 #海诺 #貂蝉 #墨子
288	douyin	2026-08-09T21:22	2	我700局了一直卡在铂金上不去[晕]
289	douyin	2026-08-09T21:58	45729	#王者荣耀所有对抗路#对抗下水道
290	douyin	2026-08-09T21:58	2	听声音知道后面包变脸[钱][钱]
291	douyin	2026-08-09T22:37	1	谁预选诸葛我就直接禁了[微笑]，别问为什么，被坑怕了[微笑]
292	douyin	2026-08-09T22:52	0	有
293	douyin	2026-08-10T00:03	6	唯一无敌的只有司马懿，真正意义上的打不死。其他那种变大的，对面有个鲁班集火的话，有时是可以秒掉的。但司马懿选那个回血的本身生命值没高到那么离谱不怕鲁班，成型后，除非搞到泉水否则根本死不了
294	douyin	2026-08-10T00:04	3	我朋友和我说等他拿海月上个2300，我没绷住，不知道虾被子能不能拿到海月
295	douyin	2026-08-10T00:18	1	为什么作者的队友是真人[捂脸]
296	douyin	2026-08-10T00:45	2	现在六耳。被改了好多后摇不建议拿去上分新手，很看进场机会，半肉没伤害，传输出扛不住目前先装。不建议拿来打上分。低端局可以玩
297	douyin	2026-08-10T01:00	8	你凯叔叔不语只是一味地让朵莉亚刷大
298	douyin	2026-08-10T01:22	4	孩子们的我们的蒙犽叔叔真的很超标的。
299	douyin	2026-08-10T02:12	4	孩子们，我有一套焚决 玩李信出暗信铭文，叠攻速 第一件出影刃，后边是经典光信出装 前期可以用暗信过度 等层数低到60以后，就可以切光信了 三个技能接普攻随便摁，和无CD一样 伤害爆炸，能瞬秒5万血
300	douyin	2026-08-10T02:20	0	一直卡在20星左右要么我不是人要么队友不是人
301	douyin	2026-08-10T02:26	0	张良呢？王昭君呢？
302	douyin	2026-08-10T02:27	13	依旧自己开团自己解说，依旧自己配音😂😂😂
303	douyin	2026-08-10T04:48	0	我骂人被禁言，解除后打一把又因为骂人被禁言了，现在也禁赛了，信誉分都恢复不了了
304	douyin	2026-08-10T04:51	37	元歌、关羽、女娲、阿骨朵、空空儿美美隐身[钱]
305	douyin	2026-08-10T05:55	0	@森 这位金标大司命刚刚解锁巅峰赛[钱][抱拳]
306	douyin	2026-08-10T06:44	281	王者突然消失的三位辅助，2000场对局都遇不到一次 #王者荣耀 #抖音小王夏令营 #辅助
307	douyin	2026-08-10T07:14	1	王者40星都没星耀二难打[逞强落泪]
308	douyin	2026-08-10T07:20	5	十把遇不到一把，遇到一把就超标
309	douyin	2026-08-10T07:54	0	掉到星耀二了连输20把
310	douyin	2026-08-10T07:54	1	我CP玩个辅助经济都比我高[捂脸]，他眼里只有钱
311	douyin	2026-08-10T08:09	0	这个赛季星耀有鬼，你们知道吗 我感觉我打了好久好久了，还一直原地踏步，谁敢信！[难过][难过]
312	douyin	2026-08-10T08:16	24	什么叫大招期间无法选中
313	douyin	2026-08-10T08:28	3	跟鬼的区别就是鬼不能瞬杀人，但是这个东方镜不仅能吓人，还能够瞬杀人
314	douyin	2026-08-10T08:30	7	把守约换成
315	douyin	2026-08-10T08:39	2	最强的其实是刘禅，偷塔无敌，想赢基本很无解。哪吒是数值无敌。其次什么肉项羽夏侯惇这些也很强，刺客可以玩经验猴、云中君，前中期战斗力极强，经验暗信也可以玩，带线没什么人管的话，6分钟就能偷掉水晶了。
316	douyin	2026-08-10T08:59	0	张良东皇都上不了榜了吗
317	douyin	2026-08-10T09:12	0	凯哥呢
318	douyin	2026-08-10T09:28	1	我建议你们去玩曹操，选普攻或者技能命中敌人，然后再加一个增加提醒，出纯肉减cd就完了，你会发现什么叫做海妖的[调皮]
319	douyin	2026-08-10T09:31	145	3万分凯告诉你，这波凯改废了，我开大的格挡都没了[流泪]
320	douyin	2026-08-10T09:32	1	星耀到荣耀打了149局，荣耀到百星打了快300局了[愉快]
321	douyin	2026-08-10T09:33	36	谁说鲁班大师冷门，Kpl职业联赛最典型的射辅组合，鲁班父子组合。
322	douyin	2026-08-10T10:21	3	其实骗你的，玩影反正就是在传送进厂就难出来，带闪现来不及来回转线
323	douyin	2026-08-10T10:47	2	我六耳八千多战力 我昨天打巅峰赛发现这英雄后期出一个不详一个魔女巨肉又能吸血[笑哭] 帮队友吃技能打控制[黑脸]
324	douyin	2026-08-10T11:07	8	一级百里带个小明一枪打我半管血
325	douyin	2026-08-10T11:10	1	我就会牛牛[捂脸]
326	douyin	2026-08-10T11:26	2	妲己竟然没排上，妲己完全克制六耳，
327	douyin	2026-08-10T11:50	7	让让，真伤大王来了，王从天降[杀马特][杀马特][杀马特]
328	douyin	2026-08-10T12:00	1322	全网最尊重周瑜的游戏 冷门英雄就该被羞辱？ #王者 #是王者啊 #周瑜 #动漫编年史 #我在抖音看动漫
329	douyin	2026-08-10T12:03	82	每个英雄都没有错 错的是官方
330	douyin	2026-08-10T12:11	8	小乔到了王者总部见人就打
331	douyin	2026-08-10T12:17	30	现在我们四个还是最强的
332	douyin	2026-08-10T12:31	0	猫咪克武则天，呆呆的被滚雪球
333	douyin	2026-08-10T12:33	0	卡到40星已经两周了。每次都是输一把赢一把，输两把赢两把。[捂脸]
334	douyin	2026-08-10T12:40	30	算命大师：你死后有一劫 周瑜：？
335	douyin	2026-08-10T12:51	4	无论是不是热门角色，都不应该这样做
336	douyin	2026-08-10T13:10	1	骑士联动紫皮给我笑死了@7⃣️玉米 @不断的圆
337	douyin	2026-08-10T13:11	0	要我说一次性飞完得了，别在那个2313了。直接213爆炸起手就如同妲己一样。然后放完第三段位移的时候，如果对面没有人的话，往前飞，如果对面有人的话，往后飞。对面爱死不死不死，我也不死
338	douyin	2026-08-10T13:12	0	李信[爱心手][爱心手][爱心手]
339	douyin	2026-08-10T13:16	0	记得补我一把分
340	douyin	2026-08-10T14:05	0	炸弹猫没人玩的来了
341	douyin	2026-08-10T14:40	3	测试周瑜服从性呢[泣不成声]
342	douyin	2026-08-10T14:44	1	错了都错了，这模式体型变大不如回血，狂铁能扛着后羿加伽罗的输出硬抗水晶，两百层五个人来都没用，注意一点，要做抵抗鞋加冰甲，不然可能控的技能都放不出来，五百层能抗泉水
343	douyin	2026-08-10T14:44	0	两方不讨好[尴尬流汗]（娱乐玩家竞技玩家）
344	douyin	2026-08-10T15:43	31	制作组道歉信翻译一下就是：我们也没想到会引起众怒 以为周瑜是冷门无人在意 谁知道娘家人小乔这么生气 现在我们要重新做 准备美美隐身了 你们就当没发生过[笑哭]
345	douyin	2026-08-10T15:53	2	怎么没人玩西施，技能快叠层快，手长放个一技能那一堆大肉站在一起可以同时炸，而且开个大招能放很多二技能还能自动跟随，选增加法强爽死了
346	douyin	2026-08-10T16:00	0	谁说鲁大在巅峰赛没有
347	douyin	2026-08-10T16:13	1	凭什么我的小明没人玩
348	douyin	2026-08-10T16:24	0	苹果手机白搭，你玩周瑜试一下
349	douyin	2026-08-10T16:36	3	直接让我上搬位得了呗[流泪][流泪][流泪][流泪]这个时候只能默默的掏出了我的绿苍蝇。
350	douyin	2026-08-10T16:40	667	啥黑暗啊，让我们四个超标兄弟来看一看，巅峰赛记得选我们保你上分的[钱]
351	douyin	2026-08-10T16:49	45911	一个视频告诉你为什么这赛季金蝉ban率这么高 #王者荣耀 #金蝉
352	douyin	2026-08-10T17:02	1114	ban率真的很高 好几次想玩都被禁[黄脸祈祷]
353	douyin	2026-08-10T17:13	58	做兄弟在心中
354	douyin	2026-08-10T17:24	0	因为出皮肤了
355	douyin	2026-08-10T17:28	2	这么跟你说吧。只要是带真伤的都可以打过他，有本事你就把带增伤的或者是那种热门带真伤的英雄ban了。不然的话你玩一次信誉分扣一次。
356	douyin	2026-08-10T17:41	4	孩子们，我都出典藏了应该貌似可能好像也许或许会加强吧[捂脸]
357	douyin	2026-08-10T18:10	7	[戳手手][戳手手][戳手手]
358	douyin	2026-08-10T18:32	1	看主播视频也换了这个皮肤玩金蝉，但是不像主播这样高伤害能秒人，是铭文的问题吗[酷拽][酷拽][酷拽]
359	douyin	2026-08-10T18:34	0	骗你的，你王者叔叔一直都是中国游戏的代表作[耶]
360	douyin	2026-08-10T18:55	1	我的本命去哪了？
361	douyin	2026-08-10T18:56	4	金蝉到底咋玩
362	douyin	2026-08-10T20:20	0	李信这英雄。我玩了60多把排位，每次想选的时候都被禁用，这个赛季只玩过一把[捂脸][捂脸]有这么夸张吗[捂脸]
363	douyin	2026-08-10T20:22	25	打排位必禁的四位英雄 #王者荣耀
364	douyin	2026-08-10T21:11	4	貂蝉其实特别爽[星星眼][星星眼][星星眼]70%的CD减免团战根本死不了，只要把CD叠满就是跳，同样选技能命中对面变大，打了两把给我爽飞了，终于找到比18年还爽的貂蝉了
365	douyin	2026-08-10T21:18	542	关羽过于强势！策划回应再削就成牢关了！ #关羽 #王者荣耀 #欢迎来到我的峡谷 #欢快小乐乐 #娱乐
366	douyin	2026-08-10T21:36	3	依旧最晚之人
367	douyin	2026-08-10T21:47	2	两边ban的都一样
368	douyin	2026-08-10T22:06	2	孩子们李信叔叔一点都不牢[钱]
369	douyin	2026-08-10T22:11	0	我的轮盘经常无意间给抢方向，赢两把但凡拿个金牌就安排三连跪以上[捂脸]
370	douyin	2026-08-10T22:33	0	真的没人觉得狙的准的守约对抗体验很差吗
371	douyin	2026-08-10T23:38	0	觉得强就拿去。。。
372	douyin	2026-08-10T23:57	7	对抗路英雄很超标，但对抗路不超标有啥用啊，权重太低了。关羽元歌影狂铁蒙恬曹操司空震哪吒老夫子杨戬马超夏洛特强度都很能打，还有猪八戒暗信这些阴间。强度都高的一批。但是对抗路在这个版本终究还是太边缘化了
373	douyin	2026-08-11T00:38	4	周瑜掀开斗篷，那一刻谁敢看
374	douyin	2026-08-11T01:46	0	这结算页面，改成狗屎，以前等级看得到，带什么技能看得到
375	douyin	2026-08-11T01:48	0	没人敢做新游戏，只要你的游戏受欢迎，鹅厂就敢翻你版。还抹黑举报你。
376	douyin	2026-08-11T03:32	1	并非t0，那是玉帝[流泪][流泪][流泪]
377	douyin	2026-08-11T03:39	0	以前的关羽一技能无敌。。压着对面出不了塔
378	douyin	2026-08-11T03:41	0	胖猫吊打司空震啊
379	douyin	2026-08-11T03:42	0	孙权刚上第一个月我的艾琳也不玩儿了一百五十把跟我四百场艾琳只差200战力，本赛季已经说出了就是输，进场大招就被断没伤害两个大下来对面血都不怎么掉，一个团战进场就死，可以删了[捂脸]
380	douyin	2026-08-11T05:15	3	马腿断了你不说
381	douyin	2026-08-11T05:56	0	看吧，卢雅娜并不超标
382	douyin	2026-08-11T05:58	0	某中路觉得白己二三一小连招在有法了
383	douyin	2026-08-11T08:06	3	[灵机一动]有没有可能敬那些软辅就是为了防止队友玩了！
384	douyin	2026-08-11T08:10	2	千场不遇，一遇千场，要是真被打爆了可以看看对面关羽玩了多少场，基本都是几百几千，上手容易精通难，这英雄强度还可以，能有效反制，只是其他对抗现在牢的要死，被砍的没几个像人的
385	douyin	2026-08-11T08:22	0	[机智][大金牙][震惊][大金牙][机智]
386	douyin	2026-08-11T08:27	0	下面那一排是...
387	douyin	2026-08-11T09:01	0	如今的打野难啊，各种自保机制，英雄越来越风骚。以前打野还能切C，现在切C几乎是九死一生。很多法师已经强到一个技能就能秒脆皮。射手前期在辅助保护下发育好，十分钟后根本就不怕打野抓。还有法师射手不用打野刀开龙打野比刺客带打野刀打得还快些[捂脸][捂脸]，以前是刺客反野，如今都是法师去偷对面的野区[捂脸]。打野空间被压缩的不成样子了！
388	douyin	2026-08-11T09:29	1	苍蝇很少禁吧，如果禁了 我的英雄勺还有墨子 东皇 昭君能抉择一下[捂脸]
389	douyin	2026-08-11T09:44	4	没感觉龙能有啥超标，20把也就一把的样子，虽然输了，但遇的少
390	douyin	2026-08-11T09:54	1	除了元歌和关羽 这种稍微有点熟练度的资深玩家玩这两个英雄会超标 其他的对抗路英雄都是很容易反制的根本谈不上超标二字 [笑哭][笑哭][笑哭]根本影响不了对局的走向 判断一个英雄是否超标 能否影响整把对局是最最能评判的 辅助不用说了，对局基本没压力只要会跟队友就行，而且队友不是人机 射手老生常谈，只有发育问题 而对抗路抛开支援类的 也就是关羽 刘邦这种 其他的我说白了 很难影响前期的节奏 甚至整把对局都没有什么亮点 而中路和打野就不一样了 打野就相当于FPS游戏里面的突破手 要么就是自己厉害 要么跟队友配合起来可以获得很大的开火权 而中路其实最狗了 就相当于自由人开火权非常高 不用扛打野的压力却获得了不亚于打野的开火权 [笑哭][笑哭]现在还能说对抗路超标也是没谁了
391	douyin	2026-08-11T10:29	0	我还是那句话，强的话，你拿去上分。[捂脸]
392	douyin	2026-08-11T10:45	2	你说他抢我不挑你的理[捂脸]你说他没有反制手段？！[笑哭][笑哭][笑哭]
393	douyin	2026-08-11T10:59	0	六耳还会削弱吗
394	douyin	2026-08-11T11:09	0	刘禅
395	douyin	2026-08-11T11:31	1	实际上是其他装备，实际上起不到太大作用，适配度较低，导致某一件装备泛滥了射手一般为什么不出制裁？因为价格贵，适配性低，我买那玩意儿干啥？看看我们的中单那梦魇适配度就这种情况下还有人不出呢
396	douyin	2026-08-11T11:35	3	自己选个没控制的阵容，露娜，马克来了也是超标[捂脸][赞]
397	douyin	2026-08-11T11:35	0	司空震只要出完电刀再来个红，经济落后他都能滚起来
398	douyin	2026-08-11T11:37	0	对抗路把李信ban了，游戏可以输，但是李信一出来一整局都难受
399	douyin	2026-08-11T11:51	3	其实大部分人讨厌关羽是因为被顶来顶去的比较没面子[看]
400	douyin	2026-08-11T12:03	0	对抗曹操，打野源坦，中路武则天，辅助大师，射手敖隐，kpl巅峰对决阵容
401	douyin	2026-08-11T12:57	0	正式上线的不会被删除，那老村长呢？
402	douyin	2026-08-11T13:11	2	建议直接给中路本身数值加高，这样就不依靠法装了，然后直接出个，虚无法杖或者是日暮之流，然后其他全部出肉，这样伤害也很不错，或者是少出一件肉的装备，买一件吸血，有了续航又肉又有了伤害，这不挺好的吗？为什么要去加强法装呢？[笑哭][笑哭][笑哭]
403	douyin	2026-08-11T13:16	0	这游戏完全看运气[暗中观察] 巅峰赛10连胜 我配吗 我自己都觉得离谱
404	douyin	2026-08-11T13:26	0	遥想公瑾当年，小乔初嫁了，雄姿英发。羽扇纶巾，谈笑间，樯橹灰飞烟灭。
405	douyin	2026-08-11T13:27	0	豆包，帮我生成一个App, 极致优化我打开王者荣耀的手机性能！解决我玩游戏卡顿的问题！
406	douyin	2026-08-11T14:11	0	[泣不成声]不会就按系统给的出的
407	douyin	2026-08-11T14:11	0	现在已经成四驱兄弟了
408	douyin	2026-08-11T14:38	2	这赛季对抗路甚至没有真正的T0关羽跟司空震这俩对抗路现在最强按照之前的强度满打满算也才T1[微笑]实在是其他的牢英雄太多了给他俩抬上了T0.5
409	douyin	2026-08-11T15:44	9	关羽能撑到现在 就是因为一大堆关平[捂脸]
410	douyin	2026-08-11T16:02	2	我玩关羽都不敢出破军，这么脆没点肉得死
411	douyin	2026-08-11T16:02	0	狂铁什么时候变强？
412	douyin	2026-08-11T16:03	9160	跑酷速爆流卢雅那：秒伤破万，无视坦克！新英雄上分密码！#王者荣耀 #卢雅那 #出装铭文 #教学
413	douyin	2026-08-11T16:31	2	太强了大家拿去上分吧[害羞][害羞][害羞]
414	douyin	2026-08-11T16:44	0	一招无法选中给我秒了，害怕[噢买尬]
415	douyin	2026-08-11T16:53	64	身板脆，打肉就是一坨，但每次看到没被禁就想拿来玩[看]
416	douyin	2026-08-11T16:57	1	王者荣耀策划是世界上最公平的策划[捂脸]
417	douyin	2026-08-11T17:20	1	谁带带我我就一直在先友谊和星耀二之间徘徊[钱]
418	douyin	2026-08-11T17:25	0	黑切建议出吗？最近两局出了还不错
419	douyin	2026-08-11T17:37	0	打了13把一把李信没玩到，直接给我掉到10把分，太爽了[笑哭]
420	douyin	2026-08-11T17:51	0	玩孙权玩马可的都不配让辅助跟着，辅助跟着他就逆风，逆风了他还爱叫
421	douyin	2026-08-11T18:00	94	就是因为看主播玩所以爱上了金蝉[捂脸]
422	douyin	2026-08-11T18:25	0	卢亚娜魔法伤害那么高，确定百穿吗
423	douyin	2026-08-11T19:04	1	合理，但是这身太脆了，打团都干你
424	douyin	2026-08-11T19:12	0	这游戏就不是竞技游戏[捂脸][捂脸]，赢几把就开始输，输多了就会赢，跟技术无关[捂脸][捂脸]，100多星掉到61，每一次都弄一个故意放水的的玩家匹配进来，[捂脸]
425	douyin	2026-08-11T19:39	1157	我就刚开始很上手 后面越玩儿越拉了
426	douyin	2026-08-11T20:44	0	依旧在暗信和光信之间增强人信[微笑]
427	douyin	2026-08-11T21:00	0	卸载了[大笑]
428	douyin	2026-08-11T21:05	1	就爱玩弱势蓝色生物[流泪]
429	douyin	2026-08-11T21:15	3	[微笑][微笑]少玩这模式，这几天打这玩意打多了结果打排位赛细节全忘了，而且逐渐遗忘远程英雄的技能极限击中距离，玩发育a空气，玩中路技能喂空气，玩个盘古一板斧冲进去直接化开被扣四分送人头[微笑][微笑][微笑]
430	douyin	2026-08-11T21:53	0	结局是游戏玩的人越来越少
431	douyin	2026-08-11T22:05	262	8月射手梯度排行！卢雅那上线即巅峰，选这两兄弟无脑强？ #王者荣耀 #策策 #梯度排行 #射手 #发育路
432	douyin	2026-08-11T22:07	1	已经注销退游 垃圾游戏，影响心情。匹配的队友一个比一个坑。赢一把输一把，就好比打你一巴掌又给你一颗糖。恶心到爆炸。
433	douyin	2026-08-11T22:16	21017	S44八月份五个分路最好上分的英雄，打野赵云马超，中路嫦娥武则天诸葛亮，辅助盾山少司缘元辅，对抗路影，发育路百里守约卢雅娜，这些英雄都是上手难度低并且强度还高的英雄，玩这些活该上分#王者荣耀 #少司缘 #上分 #影#马超
434	douyin	2026-08-11T22:17	217	省流：打野赵云 马超 对抗：影 发育路：百里守约 卢雅娜 辅助：盾山 少司缘 元辅 中路：嫦娥 诸葛亮 武则天
435	douyin	2026-08-11T22:22	6	@黄好朱（王者英雄强度解析）: 省流：打野阿珂 对抗：程咬金 发育路：蒙亚，伽罗 辅助：牛魔 中路：妲己
436	douyin	2026-08-11T22:28	1	干脆改名叫是诸葛啊[笑哭]稷下f4元歌已经查无此人，司马懿就一点热度，这下好了，周瑜也被搞了[笑哭][笑哭]
437	douyin	2026-08-11T22:31	107	省流：打野云中君 元坦 对抗：程咬金 发育路：伽罗 蒙犽 辅助：牛魔 中路：周瑜
438	douyin	2026-08-11T22:51	0	一玩亚连贴别人脸上，全世界的闪现都吻了上来[流泪]
439	douyin	2026-08-11T23:40	1	马超会刷钱，但是没有操作[捂脸]，没有荣耀水晶换不了武则天[捂脸]
440	douyin	2026-08-12T00:00	9	如果加个盾山呢[舔屏]
441	douyin	2026-08-12T00:02	393	策划爆料：海月守约即将削弱，姬小满调整，刘备调整本周上线正式 #2026kpl夏季赛#kpl新星计划#王者荣耀#王者新英雄卢雅那#王者无尽之局新皮肤
442	douyin	2026-08-12T00:03	138	s44赛季全分路，强势上分英雄推荐！广大普通玩家的冲分首选！ #版本强势上分英雄 #版本答案
443	douyin	2026-08-12T00:05	0	鲁班大师有的，有的，专打对面儿子僵王组合
444	douyin	2026-08-12T00:18	1	遇到会玩的武则天，有大丢大打信差就能赢，根本用不上输出
445	douyin	2026-08-12T00:25	160	给大家推荐几个发育路好上分的英雄
446	douyin	2026-08-12T00:30	14	别推荐打野马超了谢谢 1800以下的马超没有一个玩的明白的 这种情况下还不如选个别的打野[笑哭]
447	douyin	2026-08-12T00:33	1	我玩嫦娥，但是不推荐玩，真想玩你玩诸葛亮猫武则天比嫦娥爽的多[捂脸]而且嫦娥二技能又要削了[捂脸]这英雄主打过线快但是要削过线，伤害不是顶尖，同等经济下打不过诸葛亮猫团队比不过武则天，[捂脸]只能领先一个大件好打，而且对面肉多疲软，尤其是两肉加个打野赵云的情况下[捂脸]真的是绝望，除非你是炸鱼不然还是转英雄吧
448	douyin	2026-08-12T00:52	7	弈星叔叔强度已经超出榜单之外了[钱][钱]
449	douyin	2026-08-12T05:07	1	新手求带[流泪]
450	douyin	2026-08-12T05:19	0	比起任何打野英雄我觉得最最最超标的就是猴子那几个机制
451	douyin	2026-08-12T05:41	0	求一个靠山我真的打哭了
452	douyin	2026-08-12T07:39	2	不好意思，国服小明的含金量一直都比其他英雄高一丢丢[捂脸]你打个任意英雄小国基本也就小明一半的米
453	douyin	2026-08-12T07:46	1	确实，玩海月发现死的都少了，挺不错的
454	douyin	2026-08-12T08:01	0	燃尽了三天从铂金一路杀到王者，本来想冲击王者五十星的结果跟路人互骂几句就被禁赛七天[捂脸]，18年的时候我也是野王那时候李白韩信玩的很六也很自信，后面出了更多厉害的打野英雄李白韩信也玩不动了，再后来都不敢抢打野位置了，后面一手边路夏洛特也能征战几个来回，再后面夏洛特也打不动了又转战发育路后面意识和手法都已经跟不上了，现在只能打打中路，打了十年王者从曾经的巅峰打野到现在的路边，现在年纪大了也打不动了骂也不过别人，再见了王者[捂脸]
455	douyin	2026-08-12T08:26	1	只要我玩这游戏，李信就不可能出场，我说的[微笑][微笑][微笑]
456	douyin	2026-08-12T08:44	0	有没有能给我蹭皮肤的，现在荣耀80星想找个固排[懵] 就是平常中午的时候也能跟我一起玩[看] 开隐身，然后骗我不在线，跟别人玩的那种，别来找我[懵]
457	douyin	2026-08-12T09:21	0	吕布，诸葛亮，甄姬，孙权，鬼谷子秒了
458	douyin	2026-08-12T09:24	0	要是你怕控制的话，对面带了那么多控制的话，那你就选金身，要么进化呀
459	douyin	2026-08-12T09:36	0	守约一枪狙不中就老实。[微笑]
460	douyin	2026-08-12T09:56	19	孩子们我好像被忘了
461	douyin	2026-08-12T09:58	3	星耀能练阿古朵吗
462	douyin	2026-08-12T10:09	1	但是现在六耳把把被禁
463	douyin	2026-08-12T10:32	1	明世隐我的胜率100%
464	douyin	2026-08-12T10:46	0	搬了我玩什么？
465	douyin	2026-08-12T10:49	11800	盘点王者阴间辅助，强度在线，专治不服！ #王者荣耀 #海月无尽之局传说新皮肤
466	douyin	2026-08-12T10:50	1	武则天太恶心了[尴尬流汗]要不是获取难度高，我是真想把把禁
467	douyin	2026-08-12T11:15	0	现在谁打
468	douyin	2026-08-12T11:37	1	武则天最阴的是大球比显示范围广
469	douyin	2026-08-12T11:38	33328	全体敖隐玩家的好日子彻底到头了，策划竟然要砍废其数值 #敖隐削弱 #敖隐超标 #王者策划 #真实生活分享计划
470	douyin	2026-08-12T11:41	0	你们搞我呢[捂脸]我5个都玩[流泪]
471	douyin	2026-08-12T11:58	1	国服前百的对抗路主玩关羽的好像不多，别的分路t0 t1.5的基本上都是巅峰赛顶端玩家的主打英雄，没看过巅峰赛顶端局有主玩关羽的主播，一直纠结练不练，这英雄看直播感觉出场率一般，到底有没有对抗路唯一t0的强度啊，主玩这个能上分吗
472	douyin	2026-08-12T11:59	6	只剩个细胞核也能玩[赞]
473	douyin	2026-08-12T12:06	0	还有就是玩李白，进场2技能都放不出来，大招也放不出来直接被控死[捂脸]人的反应还是没有机器快
474	douyin	2026-08-12T12:08	1	所谓雄姿英发，正是吾今日之风貌
475	douyin	2026-08-12T12:15	1	能出ban位说明这把就没真人了
476	douyin	2026-08-12T12:23	0	[微笑][微笑][微笑]
477	douyin	2026-08-12T12:31	0	严肃拿下
478	douyin	2026-08-12T12:52	1	建议大乔圈不用等直接传回水晶[绝望的凝视]
479	douyin	2026-08-12T12:53	0	后羿小明妲己典韦，这是啥局[笑哭]
480	douyin	2026-08-12T13:06	4	被我们海尔兄弟开到你们都炸了
481	douyin	2026-08-12T13:15	0	谈笑间你鲁班大师空了个大闪
482	douyin	2026-08-12T13:15	5	大家都感觉龙人超标，其实就是因为这个版本射手都太弱了，并不是因为龙人太强，然后导致他在搬位上下不来，而是说是因为这个版本其他的射手都有点差显得龙人很超标。
483	douyin	2026-08-12T13:19	5	射手就应该打团直接被秒，然后被四个位置追着上边一整就没有一点输出，刚好有点输出了，被对面四个位置追着杀然后还有保命技能也不能太多多了切不掉，伤害不能太高，高了，怕不小心把对面护盾打掉了只要不符合这几条规律射手全都超标全都该校，然后最后可以把发育路这条路也给删了[抠鼻][抠鼻][抠鼻]
484	douyin	2026-08-12T13:21	0	这个中单大乔你就玩吧，随便放放技能都有牌子
485	douyin	2026-08-12T13:34	1	对面那完完全全就是送的完完全全就是不懂，意识就是很多时候我都想不到对方为什么会被抓那种的，
486	douyin	2026-08-12T14:00	0	澜这个英雄没办法呀。拿出来就炸一半。
487	douyin	2026-08-12T14:01	0	你这样搞他开一个大招都能一打五了呗
488	douyin	2026-08-12T14:06	0	[流泪]
489	douyin	2026-08-12T14:11	1	对抗路也没话说，出完反甲就往对面射手脸上冲。二技能加一技能加个闪现，然后再开个反甲，他敢打你，再开个大招干个爆发，对面射手根本没办法[捂脸]
490	douyin	2026-08-12T14:16	0	听懂了吗[捂脸]，我感觉还没听懂
491	douyin	2026-08-12T14:39	1	说敖隐伤害高的全是低分 后期随便一个射手团战灌伤害能力都比敖隐高 敖隐打团伤害全靠技能伤害 其他射手平a下血线速度比敖隐快太多了 敖隐只能打对线期厉害
492	douyin	2026-08-12T14:45	0	520
493	douyin	2026-08-12T14:57	0	在别的游戏，用水晶换的英雄起码能打五个，还是那种4级就能打对面15级那种
494	douyin	2026-08-12T15:00	66	【兰陵王】把幽默贯彻到底的T5下水道打野 #王者荣耀 #兰陵王 #上分万战咖 #欢迎来到我的峡谷 #欢快小乐乐
495	douyin	2026-08-12T15:15	8	那就直接把发育路删了呗，除了敖隐这个版本还有哪个射手能玩？
496	douyin	2026-08-12T15:17	0	李信不也是发育路的吗？
497	douyin	2026-08-12T15:23	0	苍排T2？
498	douyin	2026-08-12T15:26	0	骗你的，我李信变身键放在左上角地图旁边[笑哭]
499	douyin	2026-08-12T15:28	0	1
500	douyin	2026-08-12T15:31	0	海月真的阴的要死，我每把都禁，我觉得比张良都恶心，啥叫经济领先他1000块，拿到幻境里直接给我杀了[愉快]
501	douyin	2026-08-12T15:38	1	我影皮肤都还没出就要削？
502	douyin	2026-08-12T15:46	2	孙尚香大招应该加个释放完翻滚位移
503	douyin	2026-08-12T15:52	0	[笑哭][笑哭][笑哭][笑哭]
504	douyin	2026-08-12T15:53	0	我我我
505	douyin	2026-08-12T15:54	0	为啥国榜上马超基本是边马[微笑]
506	douyin	2026-08-12T15:58	0	现在哪咤开局就能学三技能
507	douyin	2026-08-12T16:04	2	策划觉得龙人强度没问题却觉得守约超标，猪八戒现在之所以有点强势不就是赖着信息差？
508	douyin	2026-08-12T16:06	1	不知道对面笑成啥样了[泣不成声]
509	douyin	2026-08-12T16:08	1	你有没有想过你换成暗信拉那么多经济就打赢了？确实司空震强度很超标，但是你都玩吕布了也没指望前中期能打赢啊
510	douyin	2026-08-12T16:11	0	111
511	douyin	2026-08-12T16:19	3	所以我们那个一花一叶一菩提的人呢？[呲牙]
512	douyin	2026-08-12T16:39	2	以前都是三颗蓝宝石出门的。
513	douyin	2026-08-12T16:44	51	发育路鲁班扫射太超标！策划表示正常强度！#盼之 #欢迎来到我的峡谷 #王者荣耀 #上分万战咖 #欢快小乐乐 #娱乐
514	douyin	2026-08-12T16:56	3	高分局这英雄出个冰脉黑切不想死根本死不掉实际上就是混分，因为其他英雄根本不好活，一个英雄强度高竟然是因为好活[捂脸]，说明其他射手太辣鸡了
515	douyin	2026-08-12T17:13	1	不er，终于刷到鸟哥了[流泪]
516	douyin	2026-08-12T17:23	0	钻石求带[流泪]
517	douyin	2026-08-12T17:34	2	学会了谢谢主播[舔屏]
518	douyin	2026-08-12T17:37	0	1
519	douyin	2026-08-12T18:03	0	前排
520	douyin	2026-08-12T18:03	3	我呢？李信都来了，我呢？
521	douyin	2026-08-12T18:04	0	鲁班超标的来了
522	douyin	2026-08-12T18:08	0	来个真伤吕布，廉颇，
523	douyin	2026-08-12T18:21	1	你微凉叔叔巅峰的时候露娜追的镜飞
524	douyin	2026-08-12T18:23	0	苍t二的都来了
525	douyin	2026-08-12T18:34	16059	孙尚香和伽罗即将迎来史诗级加强，策划竟然公然表示要对其进行增强 #孙尚香加强 #伽罗加强 #王者策划 #真实生活分享计划
526	douyin	2026-08-12T18:34	0	我说过，龙人伤害比其他射手低，龙人强只强在保命强，像龙人刚出的时候还能秒脆皮，但现在完全不具备单人破局的能力，唯一的用处就是自保。如果龙人超标，那么说明这个版本有问题，因为根本不需要射手打多少伤害，射手只要活着补一点输出就行。等一个版本射手的权重够高的时候，龙人就会从强势变成弱势。
527	douyin	2026-08-12T18:48	3267	策划聊猪八戒前期强度过高，后续调整前期强度加强后期伤害。
528	douyin	2026-08-12T18:55	3	三技能和四技能联合起来的生存能力太超标了，其他方面还好 我见过最神的话就是：射手居然因为生存能力强被喷超标。 你射手选出来让刺客，战士这些切不了。 射手作为高输出位置，我说白了不就是让人切的，又想要高输出，又想生存的能力强，直接让你赢得了呗
529	douyin	2026-08-12T18:56	0	[发呆]
530	douyin	2026-08-12T19:15	0	打野是全游戏唯一一个能最快升到四级的，到了中期，伤害是爆表的，后期就不怎么样了
531	douyin	2026-08-12T19:23	2	猪八戒改版之后我就开始玩了，有输出，有扛伤，有控制，有续航，有霸体，除了手短，简直完美
532	douyin	2026-08-12T19:33	104786	大盗：双喷刘备明日上线，新刘备新削弱新技巧，来啦#大盗 #王者荣耀 #刘备 #刘备双喷回归
533	douyin	2026-08-12T19:38	25756	S44中路梯度排行：武则天凭神器t0.5，海月全英雄登顶 #峡谷迷惑行为大赏 #王者荣耀
534	douyin	2026-08-12T19:40	0	我们牢影，还超标吗[抱紧自己]
535	douyin	2026-08-12T19:41	285	外侧子弹调整回退，可能会影响59s摸红[比心]
536	douyin	2026-08-12T19:41	8	推荐几个边野英雄
537	douyin	2026-08-12T19:44	0	以前上王者感觉很容易。现在从钻石到星耀，刚一上去就掉下来，打了一个礼拜了，还在钻石和星耀中间来回切。赢两局输两局，赢两局输两局。
538	douyin	2026-08-12T19:46	0	我从钻石到星耀来回切一个礼拜了就上不了星耀5两颗星。我都无语了。
539	douyin	2026-08-12T20:13	40	不知道你们玩女娲怕不怕马超[黑脸]我是真的很怕这个东西[黑脸]伤害特别高，每次都跑不掉[泣不成声]
540	douyin	2026-08-12T20:15	0	钻石太难打了，什么人都有[微笑]，意识太差了
541	douyin	2026-08-12T20:22	0	澜什么时候增强呀前后期都弱
542	douyin	2026-08-12T20:29	1	不穿衣服一样打你[灵机一动]
543	douyin	2026-08-12T20:29	23	最四风的是海月[捂脸]
544	douyin	2026-08-12T20:29	1	巅峰赛被打爆了 感觉打不出伤害[泣不成声][捂脸]
545	douyin	2026-08-12T20:34	10	感觉游走弈星真的可以诶[抱紧自己]等我十五分钟[抱紧自己]
546	douyin	2026-08-12T20:34	0	昨天一把大优势局。每次被对面亚连一打五给搞输了[微笑]
547	douyin	2026-08-12T20:40	1	守约和新英雄高了，苍低了[捂脸]
548	douyin	2026-08-12T20:44	11	司凤猪，猴子不司凤，因为我玩猴子
549	douyin	2026-08-12T20:50	0	这三个英雄除了弈星貌似都不容易被放出来。
550	douyin	2026-08-12T21:07	0	敖隐怎么控制大招落地位置[戳手手]
551	douyin	2026-08-12T21:22	12	全网最像人类的榜单属实是了，网上其他野鸡榜单就是纯主观[泪奔]
552	douyin	2026-08-12T21:24	0	鲁班超标wc[捂脸]
553	douyin	2026-08-12T21:25	17	我昨天玩亚连A到公孙离了
554	douyin	2026-08-12T21:27	8	武则天也就辉煌在一个赛季了，下个赛季无相下架了强度就下来了
555	douyin	2026-08-12T21:29	0	强在哪里
556	douyin	2026-08-12T21:43	359	猴子我看你有点狂，要不这样，你把露娜给我我不欺负你了
557	douyin	2026-08-12T21:56	0	苍也有t1吧，卢雅娜一个呆射能t0.5
558	douyin	2026-08-12T22:04	0	因为女英雄好看[九转大肠]
559	douyin	2026-08-12T22:06	372	抖音第一超标元法呢
560	douyin	2026-08-12T22:10	20	你干将叔叔已经查无此人了[流泪][流泪]
561	douyin	2026-08-12T22:16	15	觉得不强的有种放一把给对面[笑哭][笑哭]
562	douyin	2026-08-12T22:19	9	t4t5哭强，t1t2哭弱，杨玉环貂蝉西施哭弱声音占全中路80%[捂脸]
563	douyin	2026-08-12T22:30	0	依旧
564	douyin	2026-08-12T22:41	79	这才是中路标准梯度
565	douyin	2026-08-12T22:47	0	就玩就玩[看]
566	douyin	2026-08-12T22:49	1322	玩法师要怎么应对对面选海月 有什么可以反制的吗
567	douyin	2026-08-12T22:53	0	有没有人和我一样后知后觉if you
568	douyin	2026-08-12T22:57	0	你记住 这个游戏靠自己没用 得看队友
569	douyin	2026-08-12T22:59	6368	王者S44赛季中发育路梯度排行榜，卢雅娜或将成为新的女魔射！
570	douyin	2026-08-12T23:01	1	体验服伽罗大招的传送改成只传送自己，然后直接抬上来不就行了，哪有那么难加强的。伽罗低端局没人去针对，所以胜率高。高端局哪吒女娲镜什么的三体人都来了，没自保直接死。
571	douyin	2026-08-12T23:01	17	弈星能上t2，是因为多了一些人去玩
572	douyin	2026-08-12T23:02	0	我像个阴沟里的老鼠，躲在阴暗的角落，眼睁睁的看着你被看了一刀又一刀无能为力的像片里的丈夫，只能的一遍又一遍的说着对不起
573	douyin	2026-08-12T23:08	0	说白了最大的乐趣就是演队友反正系统让你赢怎么摆都能赢[捂脸]
574	douyin	2026-08-12T23:10	0	鲁班超标的来了[捂脸]
575	douyin	2026-08-12T23:10	0	@明天你还在吗 @14 @Y-. 依旧59
576	douyin	2026-08-12T23:14	0	孙膑啊，这个是真的恶心
577	douyin	2026-08-12T23:16	6	王者荣耀这是没人玩了吗 每次都匹好久几分钟🥲🥲#王者荣耀 #王者
578	douyin	2026-08-12T23:18	0	后期什么英雄好打孙权
579	douyin	2026-08-12T23:24	0	这守约就是硬脱后期，就是要等装备起来了a的疼还距离长还能嘎嘎跑[微笑]
580	douyin	2026-08-12T23:29	1	小乔大王[害羞]
581	douyin	2026-08-12T23:30	0	士兵加强
582	douyin	2026-08-12T23:32	1	阿古朵T3都来了[憨笑]
583	douyin	2026-08-12T23:33	1	我有个方案，一技能翻滚核心不变，打不动肉，把被动变成三环效果触发以后最大生命值真实伤害，二技能推别人一下，撞到墙可以眩晕别人对应台词大小姐驾到通通闪开，大招就牛了，变成大小姐形态追人有加速效果，期间使用一技能可以隐身，如果杀人或者助攻延长大招时间4秒[黄脸干杯]
584	douyin	2026-08-12T23:44	0	鲁班超标的来了[笑哭]
585	douyin	2026-08-12T23:45	0	[宕机]你段位太高了，我俩打不了
586	douyin	2026-08-13T00:07	4	猪现在没坦度，加了伤害，再把前期伤害削了，你猪哥这辈子撑不到后期了，后期M属性还没夏侯惇高[看]（策划没约到玩猪八戒的COS）
587	douyin	2026-08-13T00:09	0	我卡星耀二卡了两三个星期，赢一把输三把，赢三把输一把，然后赢一把，又输三把，一直反复重复的一直输，真的很无语
588	douyin	2026-08-13T00:17	1	有时间去试试海月[憨笑][憨笑][憨笑]
589	douyin	2026-08-13T00:18	0	额
590	douyin	2026-08-13T00:27	0	什么英雄克制镜啊，被打破防了
591	douyin	2026-08-13T00:28	0	我选的全能补位都给我匹配了2分钟
592	douyin	2026-08-13T00:34	0	王者30星可以吗
593	douyin	2026-08-13T00:36	0	有什么能代替墨子的吗
594	douyin	2026-08-13T00:36	0	谁能拿小号带带我？[戳手手]
595	douyin	2026-08-13T00:37	3	我是不死的![钱]
596	douyin	2026-08-13T00:47	0	我讲个笑话，蒙犽，程咬金明世隐非常超标
597	douyin	2026-08-13T00:52	3	重点是敖隐的大招，他不仅能保命退场，甚至在退场之后还能进场收割，不仅保住了下限，上限也很高。对比下来，另一位大招既能退场又能进场的角色简直腐烂的生区[流泪][流泪][流泪]
598	douyin	2026-08-13T00:56	3	我要开小号去炸鱼了，这个号算是废了#玩王者哪有不破防的 #被王者做局了 #王者连败技巧 #王者荣耀为什么让我一直输
599	douyin	2026-08-13T01:04	0	来呀，正好一起练小号[呲牙]
600	douyin	2026-08-13T01:13	1	打野不削[捂脸]天天逮着绝育路几条区削
601	douyin	2026-08-13T01:21	0	好像削弱，只剩鞋子，还有斩杀没削了
602	douyin	2026-08-13T01:23	0	朵儿你找我玩，我来坑你
603	douyin	2026-08-13T01:31	0	都说了自从出了鲁班，死掉的鲁班可以绕地球两圈
604	douyin	2026-08-13T01:35	0	队友保得住的鲁班才超标
605	douyin	2026-08-13T02:07	0	2连胜必输要么输2把赢3把或一把[流泪]
606	douyin	2026-08-13T02:08	0	因为充钱了，现在只要王者把钱退给我，我发誓立马卸载从此不碰[看]
607	douyin	2026-08-13T02:12	2	孙尚香大招就是一段伤害，真的很搞笑。建议改成开启大招期间孙尚香所有伤害都改为真伤，持续5秒（CD10秒） 二技能改为被命中的单位双抗清0，同时受到任意伤害都受到双倍伤害
608	douyin	2026-08-13T02:34	2	武则天这前摇我已经习惯了，真来个盾山背我我真不适应
609	douyin	2026-08-13T03:06	8	我很难想象策划是以一种什么心态加强海月这种司凤英雄的[捂脸]
610	douyin	2026-08-13T03:08	0	一天掉一百多分[捂脸]
611	douyin	2026-08-13T03:12	0	111
612	douyin	2026-08-13T03:23	1	这玩意刚出的时候不很阴间吗？[尬笑]才四年就被削废了，澜叔叔被削了6年，依旧坚强。
613	douyin	2026-08-13T03:43	0	骗你的，其实是T8
614	douyin	2026-08-13T05:31	0	你咬金叔叔依旧下水道[好开心]
615	douyin	2026-08-13T05:35	0	视频里明明很惨 但我越看越想笑[捂脸][捂脸]
616	douyin	2026-08-13T06:26	10	抖音最强英雄元法在哪里[绝望的凝视]
617	douyin	2026-08-13T06:53	0	[捂脸]星耀局塔下捡点儿垃圾吃还能将就玩
618	douyin	2026-08-13T07:18	1	戈雅强是强，但前期伤害太刮了，等你出到三件套都10分钟了，10分钟敌方坦克装也成型了，处理前排速度特别慢，切后排又容易蒸发，优势局厉害，均势局就是劣势，逆风局狒狒
619	douyin	2026-08-13T07:19	0	永劫无间怎么被氪金榨干？
620	douyin	2026-08-13T07:37	0	好射手遇不到好辅助呀
621	douyin	2026-08-13T07:41	0	可以用祖国人打法，直接把队友炸干
622	douyin	2026-08-13T07:44	0	[暗中观察][暗中观察][暗中观察]
623	douyin	2026-08-13T08:00	372	匹配机制迎来优化，爱骂人摆烂的玩家真是有福了！#王者 #匹配机制
624	douyin	2026-08-13T08:00	1	扁鹊赶紧回调吧[捂脸]用的我恶心的不行，CD那么长最主要的平a叠毒还给取消了，真就不差你那个斩杀线，原本扁鹊弱是因为没位移没控制，现在这个二技能就够用了，其他的改回去，去发育路至少有t2顶了，还有说对抗路超标的，现在除了后手出的关羽就没有t0，装备也垃圾[捂脸]中路也别说话了，看看中路那三个t0还有好几个t0.5，逆天装备属性，中野辅游戏你被对抗打爆怪对抗英雄太强啊[捂脸]那你倒是带着队友抓啊，一句话不说就是超标，又不是没法反制，你中路能被切，对抗也能被针对[捂脸]
625	douyin	2026-08-13T08:07	0	哎呀我去，没事的，我有一次玩游戏玩崩溃了，给手机咬烂了，今天换了个新的[抱抱你]我把我旧手机放转转上卖了
626	douyin	2026-08-13T08:13	2	新英雄就是区[捂脸]
627	douyin	2026-08-13T08:23	33	刘禅我对不起你。以前刘禅没那么弱的时候。我还能拿出刘禅来操作几把（只是前期坐牢一些 起码后期还能玩）现在刘禅已经成为我一个根本拿不出手的英雄了 手短 保不住人 开团队友容易跟不上 没经济还脆 玩的真的很难受 现在已经快半个月没碰过刘禅了。只恨你强度太低。#王者荣耀
628	douyin	2026-08-13T08:24	0	一堆臻品打野看了这个视频就来吃中路的线 吃了也得好歹抓一下人吧 经济落差怎么可能打得过 对面要是还是三大天王经济但凡落差一点都有可能直接被反杀
629	douyin	2026-08-13T08:25	0	没一个被冤枉的[憨笑]
630	douyin	2026-08-13T08:26	0	你在视频里放了什么[流泪]
631	douyin	2026-08-13T08:27	8	王者荣耀更新后真的有点离谱…#王者农场 #王者荣耀 #王者机制令人心寒
632	douyin	2026-08-13T08:34	0	恶人自有恶人磨
633	douyin	2026-08-13T08:51	0	阿古朵大招机制可以 无敌还能解海月的大招
634	douyin	2026-08-13T09:03	0	三角洲撒不出去越来越难打
635	douyin	2026-08-13T09:03	1	不用增强英雄了，增强一下队友好吧
636	douyin	2026-08-13T09:06	23502	只玩芈月也能打上巅峰总榜第二？两万四芈月最强人柱力心人！ @心人(24024芈月) #芈月 #芈月教学 #巅峰第一 #王者荣耀
637	douyin	2026-08-13T09:10	0	海月这英雄真没招了，要不等海月出完三件套后，拉进去直接给我斩杀得了，在里面还折磨我一下，想动又动不了，好不容易能a两下，全打护盾上了，到了后期，管你肉不肉的，拉进去照样给你秒了，还不如直接给我个痛快[捂脸]每一次被他拉进去，就像吃了一坨翔一样难受，死了也难受，不死也难受，技能被无限打断，想动一下，又卡一下，动一下，又卡一下，被[捂脸]拉进去不管咋都得被恶心一下
638	douyin	2026-08-13T09:15	10	崩溃了，我真的崩溃了🙃 #王者荣耀#王者荣耀烂匹配机制#被王者做局了#王者荣耀游戏环境现状 #王者心态崩了😤
639	douyin	2026-08-13T09:16	0	我就问哪个不吃队友可以C
640	douyin	2026-08-13T09:20	0	真的很超标我已经从1500上到1300了[憨笑]
641	douyin	2026-08-13T09:21	1	这芈月有点太强了吧，赶快叫真昼叔叔来看看
642	douyin	2026-08-13T09:26	0	还有拿镜跟马超跟你龙人做对比的，这几个英雄强度根本不在一个点上，依就围魏救赵，你龙人大招一开直接躲天上，火有爆发，风抽陀螺，还有说大招CD长的，你没大普攻技能也被扣了是吧
643	douyin	2026-08-13T09:26	5	666五虎上将4个强势，就汉中王牢到极致[捂脸][捂脸][捂脸]
644	douyin	2026-08-13T09:27	0	这里面没有逆战未来我是不服的
645	douyin	2026-08-13T09:28	6	孙尚香T1真达不到吧，我之前一直玩香香的，从上个大版本开始就感觉力不从心了，这个赛季更是没拿出来过几把[流泪]伤害和位移绑定太强了，输出环境太难找了[流泪]
646	douyin	2026-08-13T09:40	1	可以输不怕封号不怕你禁赛不怕你扣信誉分
647	douyin	2026-08-13T09:44	1	那射手对线会不会很难打
648	douyin	2026-08-13T09:45	1	一样[躺平]
649	douyin	2026-08-13T09:47	29	司空震十个霸者超标，敖隐自保能力又太强，都要削弱？！ #王者荣耀 #司空震 #敖隐 #策划
650	douyin	2026-08-13T09:47	2	阵容是这么个阵容 打不打得过另说了[泣不成声]
651	douyin	2026-08-13T09:48	1	王者荣耀这赛季真的没意思，单排玩不了一点，80%排到连体的队友，对位永远是一打多，以后不会这么无脑玩下去了，我不当你的日活了@王者荣耀 #王者匹配机制
652	douyin	2026-08-13T09:48	0	下楼拿个外卖挂机被踢扣了600排位分，直接从王者0星扣到星耀二3星[捂脸]
653	douyin	2026-08-13T10:06	0	如果有中路和辅助搭子一起三排的话，会很舒服
654	douyin	2026-08-13T10:08	0	我30星昨天掉到20了，我已经不玩了，垃圾匹配机制
655	douyin	2026-08-13T10:09	79	这波建议慢放并且反复观看#王者荣耀 #弱势英雄 #安琪拉
656	douyin	2026-08-13T10:10	0	一直单排艰难打上王者，偶然 有一天跟朋友双排打王者好快乐赢得也多了
657	douyin	2026-08-13T10:17	2	冰冰冰
658	douyin	2026-08-13T10:19	0	终于加强了
659	douyin	2026-08-13T10:19	1	这赛季打的我队友骂，对手我也骂，客服也骂，打的我杀人心都有了，就手上差个炸山的火药要不然给王者荣耀游戏公司都给炸了都给老子去死，老子不好过都别过了
660	douyin	2026-08-13T10:20	0	有点超标了[笑哭]。我上次排到打野（猪），0-3开局正常已经输了，他伤害有点夸张，对位单杀比他高1500的打野。然后我就叫队友报团打了两波团战就赢了。我都懵圈了，伤害这么超标吗
661	douyin	2026-08-13T10:23	0	我祝福10次空10个[泪奔]
662	douyin	2026-08-13T10:35	0	芈月马超司空震元歌只配给我们亚连玩家舔鞋子[发怒]
663	douyin	2026-08-13T10:36	1	香香为啥能t1[白眼]
664	douyin	2026-08-13T10:36	0	队友堪比唐玄宗前期弱后期强了
665	douyin	2026-08-13T10:37	0	@落花时逢春.: 我喜欢跟这样的射手，会给我讲我应该怎么做[泣不成声]，而且带我蹭助攻[泣不成声][泣不成声]
666	douyin	2026-08-13T10:41	0	守约怎么能干成T0啊？
667	douyin	2026-08-13T10:43	0	本质上和程咬金没区别[钱]
668	douyin	2026-08-13T10:46	2	米莱狄也是的，才预选就被队友劝退。
669	douyin	2026-08-13T10:50	0	你理解的半肉黑切破军+不祥魔女吗
670	douyin	2026-08-13T10:52	1	前期都被打爆了，哪来的后期[笑哭]
671	douyin	2026-08-13T10:52	0	有没有人能给我扫一下号我不会毁号我的号现在登不上[流泪][流泪]
672	douyin	2026-08-13T10:52	0	带我一起玩
673	douyin	2026-08-13T10:52	1	蚩奼在对抗路都查无此人了嘛
674	douyin	2026-08-13T10:59	0	我赛季初大号就王者了 小号没怎么打 也在钻石 小号不打是为了方便和别人一块打[捂脸] 能带他上分[捂脸]
675	douyin	2026-08-13T11:06	4	建议给海月拉人加个无法选中，在幻境里+90%免伤+10000点法强，出幻境对1000范围内造成10000点真伤，大招全图拉人，大招cd减50秒
676	douyin	2026-08-13T11:11	2	拿不到主分路怎么说，打一把换一条路[捂脸]
677	douyin	2026-08-13T11:13	0	10次空10次[尬笑][尬笑][尬笑]
678	douyin	2026-08-13T11:16	0	边路凯随便打司空震
679	douyin	2026-08-13T11:17	1	这三个T0哪一个不是吊打海月[笑哭]出一个双前排你海月既打不出团队作用，也打不出输出[笑哭][笑哭]
680	douyin	2026-08-13T11:20	408	不强也不弱，但是司凤独一档的英雄[捂脸]
681	douyin	2026-08-13T11:22	1	咋晚弹人脸了[微笑]
682	douyin	2026-08-13T11:22	1	[微笑]
683	douyin	2026-08-13T11:23	0	问了吗？[看]
684	douyin	2026-08-13T11:30	1	[捂脸]
685	douyin	2026-08-13T11:30	1	猕猴桃变成了葡萄的样子[捂脸]
686	douyin	2026-08-13T11:31	1	巅峰赛拿出来还被骂[泣不成声]只能去排位炸炸鱼
687	douyin	2026-08-13T11:34	0	可爱的打野小孙策有搭子吗
688	douyin	2026-08-13T11:38	0	昨晚，玩个猪八戒，对面有个野马，我和打野铠2打4打赢了，回头一看，中法辅被野马戳爆了，一直拖着不能一波，后面还直接被对面反赢了，不理解我这种低分崽为什么会连续匹配到两把小国的，我方最高才村标，当时5连胜了，后面第一把匹配到个小国的，前期大逆风，拖到后期才勉强打赢对面，后面那把感觉和前面那把完全反过来
689	douyin	2026-08-13T11:39	0	废了
690	douyin	2026-08-13T11:40	0	我这个评分以及胜率 我们家中单每次都会点开始撤退 我不吃线我靠他带我赢吗 如果实在不想让打野吃经济 那就去玩边路射手辅助呗 王者荣耀匹配的队友我根本不相信 没有一局我是相信队友的[微笑][微笑][微笑][微笑][微笑]
691	douyin	2026-08-13T11:43	0	海月放都放不出来
692	douyin	2026-08-13T11:44	36	新版刘备炸鱼更好炸了，前期战斗力强了挺多，但是后期更难打了#王者荣耀排位赛 #刘备打野教学
693	douyin	2026-08-13T11:45	0	三十次祝福两个巨大化！其他很多双词条！就是不给英雄[泣不成声]
694	douyin	2026-08-13T11:45	0	菜鸟参考，李信，一级不尽快打兵，反而一直用技能消耗对面
695	douyin	2026-08-13T11:45	0	56秒前
696	douyin	2026-08-13T11:46	0	刘备咋说呢，新版会玩的舒服一点，前期强势，刷野特别快，带个小明能1分02秒就出野区，然后可以直接进对面野区，把对面buff反掉，打信息差
697	douyin	2026-08-13T11:46	0	但是如果你优势没建立，后期还是挺难打的，因为射程没了。
698	douyin	2026-08-13T11:50	0	谁懂影这玩意儿推塔是真的有点儿猛啊[钱]
699	douyin	2026-08-13T11:52	0	猫咪是真的[比心]
700	douyin	2026-08-13T11:56	9	你们对抗路无敌了，一个芈月一个暗信还有个达摩[捂脸]
701	douyin	2026-08-13T12:02	0	Ban 率过 90 的都是谁？老版东皇，初代澜，初代赵怀真，专精大乔[微笑]，冷知识，初代姬小满都没有这个 ban 率
702	douyin	2026-08-13T12:08	0	把法装削了
703	douyin	2026-08-13T12:11	1	这不就一输一赢吗[懵]
704	douyin	2026-08-13T12:13	362	全体敖隐和守约玩家悬着的心碎了，策划竟然表示要砍废他们的数值 #敖隐削弱 #敖隐超标 #百里守约削弱 #王者策划 #真实生活分享计划
705	douyin	2026-08-13T12:14	0	前期没人跟你打，后期谁又被拉扯到死
706	douyin	2026-08-13T12:20	0	削黄盾还不如削炽热
707	douyin	2026-08-13T12:24	0	大司命在对抗路已经查无此人了吗[泣不成声]
708	douyin	2026-08-13T12:26	0	一掌一个
709	douyin	2026-08-13T12:27	1	已经七连胜27星了，不敢打了，打了百分百连跪[捂脸]
710	douyin	2026-08-13T12:29	0	聪明人打个印记，直接去玩其他游戏，谁还受气啊？
711	douyin	2026-08-13T12:29	0	那我就要问了，怎么判定故意送人头，有时候回城补状态都提示挂机，正常说两句话就禁言，为什么别人骂人不检测呢？先把检测机制整好吧
712	douyin	2026-08-13T12:30	0	暗信才T2啊，某些人嘴里不是超标吗？[钱]
713	douyin	2026-08-13T12:31	0	我这违规吗
714	douyin	2026-08-13T12:31	0	[捂脸]我今早打了18次祝福，你猜怎么着？我去空18次[躺平][躺平][躺平][躺平]
715	douyin	2026-08-13T12:32	1	但凡对面会玩一点就不好打[捂脸]
716	douyin	2026-08-13T12:34	31	我们的缘分怎么那么浅#王者荣耀 #版本弱势英雄 #王者对局日常 #游戏精彩瞬间记录 #王者精彩操作
717	douyin	2026-08-13T12:34	1	把伽罗大招像元流辅助一样能给自己加一段离开时的闪现就行了，都不用跟元流一样每次离开都能闪，就闪一次就行[捂脸]
718	douyin	2026-08-13T12:37	1	还有王昭君……巅峰赛一千五以上我越来越难控到了。。
719	douyin	2026-08-13T12:38	0	我也觉得，对面拖一下就会被翻了[微笑]
720	douyin	2026-08-13T12:41	30	策划聊孙尚香表示孙尚香现版本整体强度低，大招处境十分尴尬，确实需要加强#王者策划#孙尚香#王者#真实生活分享计划
721	douyin	2026-08-13T12:41	0	[看]
722	douyin	2026-08-13T12:42	0	明明之前还是很强的
723	douyin	2026-08-13T12:44	0	李白不更是区吗？这英雄除了长得帅点，皮肤多点，那有啥优点啊？发自家也跟反野一样，大招还要刷新伤害还不够[钱]
724	douyin	2026-08-13T12:45	0	隔几天玩一下，隔几天玩一下，给我整这一出退游了[捂脸]
725	douyin	2026-08-13T12:47	3	把无法选中改成霸体
726	douyin	2026-08-13T12:48	0	其实还是那一批人，他们只是换了小号
727	douyin	2026-08-13T12:49	0	不是，我说白了，其他分路的技术太菜，打不过对抗路就不要再要说削黄盾了
728	douyin	2026-08-13T12:50	5	[流泪]
729	douyin	2026-08-13T12:51	0	一起玩吗目前13星被伪人队友坑怕了[捂脸]
730	douyin	2026-08-13T12:52	114	谁还记得芈月老祖云天河[流泪]
731	douyin	2026-08-13T12:52	0	八千分刘备告诉你，一块钱能买两根小布丁
732	douyin	2026-08-13T12:53	34	削发育路那两个能玩的都不考虑加强一下射手整体数值[赞]
733	douyin	2026-08-13T12:54	0	@碎 哇塞，[送心][送心][送心][送心]
734	douyin	2026-08-13T12:55	4	我家婉儿跑哪去了？！[发怒]
735	douyin	2026-08-13T12:57	55	知道该加强谁了吧#王者荣耀 #版本弱势英雄 #王者实战视频 #王者峡谷
736	douyin	2026-08-13T12:59	0	孙尚香就算了吧，这几个赛季垃圾中的垃圾，完全不如上位苍
737	douyin	2026-08-13T13:01	1	打铠一半血了这铠才开大开反甲，我说白了刘备除非叠全肉，不然一辈子也打不过铠[捂脸][捂脸][捂脸]
738	douyin	2026-08-13T13:02	4	要么就是双方都是全输出，刘备可以秒铠
739	douyin	2026-08-13T13:04	0	运气好的人已经300多星了，运气差的还在钻石
740	douyin	2026-08-13T13:05	2	我就这么说吧，我弟根本就不会玩王者玩元刺能出星泉那种，菜的都能被举报的程度玩心魔六耳拿了金牌[泣不成声]
741	douyin	2026-08-13T13:05	0	纯新手求带[祈祷][祈祷]
742	douyin	2026-08-13T13:05	0	5个人1v1连辅助都打不过
743	douyin	2026-08-13T13:10	0	武魂真身[捂脸]
744	douyin	2026-08-13T13:12	0	牢小哪天被删了都无人发现
745	douyin	2026-08-13T13:12	0	我玩中路经常有对辅助的失望感 我玩辅助就害怕队友总不注意对面蹲位置 所以喜欢踩视野 因为辅助大部分还得靠队友 很喜欢把对面位置探出来的爽感
746	douyin	2026-08-13T13:13	0	我52星打了30多把才上54星[黑脸]
747	douyin	2026-08-13T13:21	0	普通玩家别碰 太吃队友啦 唯一自己顺风不能翻盘的就是海月 出来永远都是对面的在等你 五排或三排可以玩玩 高手除外 信我
748	douyin	2026-08-13T13:22	1	这个死亡率看着是会玩的
749	douyin	2026-08-13T13:26	0	神相
750	douyin	2026-08-13T13:27	0	狼狗最起码是t1
751	douyin	2026-08-13T13:27	14	零秒钟猜到开团守约和熬隐超标的那些人是玩什么的，是玩哪路的[笑哭]
752	douyin	2026-08-13T13:28	0	我已经三个月没见过对面玩盾山了，我一定会禁，太阴了，这英雄
753	douyin	2026-08-13T13:30	0	冰冰冰
754	douyin	2026-08-13T13:31	9	司空震啥时候削弱。。。#司空震 #版本弱势英雄 #王者荣耀 #超标
755	douyin	2026-08-13T13:32	0	大招就用收残血了，跟鲁班那个很像
756	douyin	2026-08-13T13:32	0	一玩自己拿手的队友就这样[钱]
757	douyin	2026-08-13T13:33	0	一句话，哪吒强还是猪八戒强
758	douyin	2026-08-13T13:33	1	想象一下一个射手一技能增加攻击间隔，攻速到200都没用，还减移速，还耗蓝，开个一技能。Debuff比buff多，在最开始的长臂猿时代，他90%的减速和一技能超远距离还有对护盾等额伤害的前提下，这些debuff限制很合理，但是现在迦罗一技能距离被削弱了，其他射手普攻范围增加了，迦罗没有加，现在迦罗a到你，你也能a到迦罗，护盾等额伤害也变成了50%那这些debuff还合理吗[憨笑][憨笑]
759	douyin	2026-08-13T13:33	0	黄忠他不一样[流泪]
760	douyin	2026-08-13T13:36	0	咋弄的对面视角
761	douyin	2026-08-13T13:40	0	一步一跪一磕头 求王者荣耀加强李白 一步一跪一磕头 求王者荣耀加强李白 一步一跪一磕头 求王者荣耀加强李白 一步一跪一磕头 求王者荣耀加强李白
762	douyin	2026-08-13T13:40	0	年龄大了，连王者都上不去了[裂开]
763	douyin	2026-08-13T13:40	1	很容易死，呆射怎么说？
764	douyin	2026-08-13T13:41	0	你知道开局50法抗，人家中路打你是真伤的那种感觉吗？
765	douyin	2026-08-13T13:41	0	树好丑[捂脸] 不如之前顺眼
766	douyin	2026-08-13T13:45	0	已经没有点进去的欲望了
767	douyin	2026-08-13T13:46	2	我感觉做那么好，怎么不火呀？[发呆]
768	douyin	2026-08-13T13:48	0	救命啊，谁能管管空牢9门？
769	douyin	2026-08-13T13:48	1	王者可以增加两个班位吗？[绝望的凝视][绝望的凝视]有点不够啊要禁关羽，禁影，禁司空震，禁元歌，禁海月，禁女娲，禁武则天，禁敖隐，禁墨子+守约组合，禁盾山，禁少司缘，禁大乔，禁马超，禁镜，近元射，禁刘邦+哪吒组合[绝望的凝视]
770	douyin	2026-08-13T13:58	0	啥东西冷却这么快？
771	douyin	2026-08-13T13:58	0	感觉强度还可以
772	douyin	2026-08-13T14:00	1	我拿这个英雄，真的是神一局鬼一局的，可能是王者匹配机制问题吧，赢一把输一把，没谁了[微笑]
773	douyin	2026-08-13T14:00	8	抖音最强的三法师一个t5一个t4一个t3谁能绷住[泪奔]
774	douyin	2026-08-13T14:03	0	轮椅就上分呀[笑哭]
775	douyin	2026-08-13T14:03	0	我现在在练孙策辅助，玩起来真的爽。
776	douyin	2026-08-13T14:06	1	现在刷到以为是这个赛季下周要结束了[黑脸][黑脸][黑脸]
777	douyin	2026-08-13T14:07	0	说白了，要是能拿司空震强度换一个比传说高级的皮肤（郭靖武侠风）都乐意，年限和蓝莓终结者已经用腻了。[捂脸][捂脸][捂脸]@王者荣耀策划团队 @王者荣耀
778	douyin	2026-08-13T14:10	0	六耳不是打野吗，谁玩对抗？
779	douyin	2026-08-13T14:12	0	不是凯残血，刘备为什么不放技能啊？
780	douyin	2026-08-13T14:12	0	最后那一秒用二技能点一下，再用一技能就直接打死了
781	douyin	2026-08-13T14:13	1	不知道为什么现在好像玩打野的人少了，小号1500选打野位秒进选中路跟辅助二三十秒才能进，有时候就是几分钟[躺平]
782	douyin	2026-08-13T14:14	5	王昭君也是，弱到不敢去玩中路，和朋友一起玩的时候能拿她打辅助，都说我冻的准，玩的好，但是我知道她的短板她的弱势，我不敢拿出来去玩那个中路位
783	douyin	2026-08-13T14:15	0	一个和尚 一个假猴子 一个猪八戒 你们仨算是称霸王者了[摊手]
784	douyin	2026-08-13T14:16	12	发育路最超标的是伽罗，打团时总能瞬间回泉水[赞][赞][赞]
785	douyin	2026-08-13T14:16	0	暗信纯纯就是牵制想办法，让队友以多打少现在大招改动之后，那个大闪打团是有一点用，但不多[笑哭]
786	douyin	2026-08-13T14:20	0	能不能说一下这程咬金？
787	douyin	2026-08-13T14:20	0	英雄确实弱但是也分人吧 还是躲在水里最自在
788	douyin	2026-08-13T14:23	0	他克不了那个六耳机制怪[流泪]
789	douyin	2026-08-13T14:24	0	分打高点基本上没法玩，都出冰甲反制[捂脸]
790	douyin	2026-08-13T14:25	0	我中射真的看辅助是不是人，如果对面不会玩，倒是没影响，对面会玩你就知道了[捂脸]，和女生玩，女生总说玩辅助一直输，我也不想去指点了[捂脸]
791	douyin	2026-08-13T14:30	0	中路辅助4分钟开不了，对抗和打野秒开
792	douyin	2026-08-13T14:30	2	发育路 环境本来就很差了 在削一下 以后都是李信 司空震 蚩奼打发育路 射手集体可以删除
793	douyin	2026-08-13T14:32	0	？
794	douyin	2026-08-13T14:32	0	觉得关羽强势的有点说法
795	douyin	2026-08-13T14:34	0	你这是什么段位呀
796	douyin	2026-08-13T14:35	0	[捂脸]
797	douyin	2026-08-13T14:37	4	心人之前巅一啊[捂脸]
798	douyin	2026-08-13T14:37	0	我从17年就开始玩王昭君了，眼睁睁看着她越来越弱势，自己也越来越不敢出手，自己二技能越来越不准，真的有时候很无奈
799	douyin	2026-08-13T14:39	1	我的建议是这样改大招只有3秒，大招期间普攻命中敌方单位延长大招时间0.5秒
800	douyin	2026-08-13T14:39	0	评论区一堆走位不掉守约狙的人破防belike 老板守约我也玩 现在也玩 本来就削弱的和什么似的 同一局里基本都狙的神一阵鬼一阵 又不是自动锁敌 不知道一堆人破什么防
801	douyin	2026-08-13T14:41	1	凯出的法装[捂脸]
802	douyin	2026-08-13T14:43	9	依旧妲己玩家[绝望的凝视]
803	douyin	2026-08-13T14:48	0	改一下大招，改成莱西奥那种能锁头的就好了
804	douyin	2026-08-13T14:48	0	无需手法，只需要敲，5杀有了[看]
805	douyin	2026-08-13T14:50	0	66610年磨一刀，一刀停10年。
806	douyin	2026-08-13T14:53	0	你敖隐叔叔能多活几秒钟就成T0了[尬笑]
807	douyin	2026-08-13T14:55	9	这么看芈月好像可以走发育路[看]
808	douyin	2026-08-13T14:55	0	意思就是觉得不能和拿了双buff和经济优势的打野55开就觉得很不合理[笑哭]
809	douyin	2026-08-13T14:58	2	海月依旧美美隐身，一级3秒过兵线[捂脸]
810	douyin	2026-08-13T15:02	2	意思是这是更新后的成效？[尬笑]
811	douyin	2026-08-13T15:02	0	靠山你在哪[泣不成声]
812	douyin	2026-08-13T15:02	0	百里守约cd太短了，以前大招不吃子弹的时候还要做cd鞋，现在大招吃子弹一点cd都不用做，一直狙人之后去找他永远有大招
813	douyin	2026-08-13T15:03	0	看到圣诞树我还以为自己卡了，丑死了[泣不成声]
814	douyin	2026-08-13T15:04	0	发育路李信真的不行吗？
815	douyin	2026-08-13T15:05	0	我自认脾气不算好，每局遇到演员队友就开骂，结果骂了也不回我，就这样边输边生气，感觉自己半夜要升仙了[愉快]
816	douyin	2026-08-13T15:06	0	司凤海月
817	douyin	2026-08-13T15:08	0	会玩马超的我加您[快哭了]
818	douyin	2026-08-13T15:14	0	为什么要砍司空震 这个英雄也吃阵容啊 都被砍了多少次了
819	douyin	2026-08-13T15:17	2	敖隐是所有射手里平a最慢的吧，前期一套12秒，A又a不过伤害不能高点吗？伤害砍下来了那对线他打得过谁呀？而且但凡出俩前排，他就打不了了[苦涩]
820	douyin	2026-08-13T15:17	0	这英雄正常强度，那这游戏里面一堆英雄强度都是正常的吗
821	douyin	2026-08-13T15:17	0	再不让我赢，我真退游了
822	douyin	2026-08-13T15:18	0	再来个盾山合体就更爽了[看][捂脸]
823	douyin	2026-08-13T15:18	3	这是个啥[捂脸]
824	douyin	2026-08-13T15:21	0	唔～～～
825	douyin	2026-08-13T15:21	1	有没有新手女生适合买的英雄，不吃操作的
826	douyin	2026-08-13T15:22	13	带班😡 #王者荣耀 #版本弱势英雄 #达摩 #赵云
827	douyin	2026-08-13T15:23	0	1
828	douyin	2026-08-13T15:24	1	说实话啊 对抗确实不强 但是部分英雄强度太畸形了 玩对抗的应该也都讨厌关羽元歌吧 一个高移速逆天控制链还有爆发有续航 不一头扎进人堆根本抓不死 基本零成本绕后还一直补强 一个逆天变身机制最高优先级无法选中大招自保能力还吊基础数值高的离谱的刺客 元歌还好一点 关羽选出来就跟游戏体验差没啥关系了吧 不怎么需要中野来解放自己藏个视野就能找节奏 对比下来相同定位的孙策达摩在这个版本才是真的略显鸡肋了 司空震曹操杨戬这种同类型的中期发力的边核强度取决于中辅中期的视野能力和中野前期的支援转线吧 我说实话这种强度高且顺风有终结比赛能力的英雄逆风其实完全会被压死 确实太吃队友并且需要阵容英雄强度来支撑对局 逆风画面真的不够看
829	douyin	2026-08-13T15:25	0	2
830	douyin	2026-08-13T15:25	0	不然呢？你说呢？我告诉你啊，吕布这种坦克杀手，即使披上一刀附魔成功，还能被反杀
831	douyin	2026-08-13T15:26	0	孩子们记住，普攻键其实还是有很少的冷却时间的，狂按有的时候解决不了任何事情，建议带上自动攻击键。
832	douyin	2026-08-13T15:26	0	关羽必须削弱[尬笑]
833	douyin	2026-08-13T15:31	0	你们怎么不 说哪吒哪吒全图可飞高伤害
834	douyin	2026-08-13T15:31	0	666反杀不给看[酷拽]
835	douyin	2026-08-13T15:33	0	被司空震打爆了应该
836	douyin	2026-08-13T15:34	0	求教纯小白[流泪]
837	douyin	2026-08-13T15:37	1	我有问题，那一直阴着玩李元芳，什么王昭君辅助，瑶。不是更爽了。又不能被骂。还匹配高素质带飞的？
838	douyin	2026-08-13T15:37	1	穿云弓回调穿透，破晓回调穿透，宗师回调攻击力，黑切减速回调[捂脸]
839	douyin	2026-08-13T15:39	0	那我被坑了骂了下被扣分了，下一把依旧被坑[捂脸]
840	douyin	2026-08-13T15:41	0	盾山，海月两个扫码
841	douyin	2026-08-13T15:41	0	[微笑]懂了吗
842	douyin	2026-08-13T15:43	1	退游了[泪奔][泪奔][泪奔]这还有法玩吗？
843	douyin	2026-08-13T15:46	1215	娜可露露真是这么冷门的英雄吗#王者ip创作团 #娜可露露 #王者荣耀
844	douyin	2026-08-13T15:47	0	最支持策划的一次
845	douyin	2026-08-13T15:47	1	连跪多了本来心态就崩了还能有直接去送人头的我更破防凭什么不在对面[流泪]
846	douyin	2026-08-13T15:47	4	超绝卡哇伊！小空气酱！
847	douyin	2026-08-13T15:47	1	你最后有二不放[捂脸]
848	douyin	2026-08-13T15:51	21	“猎豹流”卢雅那：打野位T0邪修？10分钟6神装！峡谷博尔特 #卢雅那 #王者荣耀 #王者新英雄卢雅那 #射手 #打野
849	douyin	2026-08-13T15:53	0	玩把狠的，来个带飞的，赢了叫爸爸，输了你叫妈妈
850	douyin	2026-08-13T15:53	0	这个晚萤简直萌物[戳手手]
851	douyin	2026-08-13T15:54	0	说的是反话
852	douyin	2026-08-13T15:54	5	百里还超标[捂脸]出场率胜率高完全是因为加强后绝活重拾这英雄[捂脸]
853	douyin	2026-08-13T15:55	0	不得不说，策划最近都开智了
854	douyin	2026-08-13T15:56	0	老年人手速
855	douyin	2026-08-13T15:56	0	后面还有个12连跪
856	douyin	2026-08-13T15:56	0	射手都是用来杀的，用来很唠的，不能叫他出头。
857	douyin	2026-08-13T15:57	1	四分钟前，网速这一块
858	douyin	2026-08-13T15:57	2	前两天被少年轻狂犹在的关羽打成0-8了[黑脸]
859	douyin	2026-08-13T15:58	0	这铠出的啥阴间装备？
860	douyin	2026-08-13T15:58	0	小明很猛啊 我就喜欢用小明
861	douyin	2026-08-13T15:59	0	自己玩一把就知道了
862	douyin	2026-08-13T16:00	1	发育路唯二两个自保能力强的被说超标 得了发育路就是给切的呗 切不死就是超标
863	douyin	2026-08-13T16:01	0	其实在梦泪之前是可以越塔强偷水晶的
864	douyin	2026-08-13T16:01	0	想要一个不压力我的靠山[月亮]
865	douyin	2026-08-13T16:02	3	敖隐超标我认了，什么叫守约前期强势，二技能准度不需要练吗[流泪]
866	douyin	2026-08-13T16:03	7	守约太强了，快给三段位移削了吧，给我调整回刚出厂就行。
867	douyin	2026-08-13T16:03	11	敖隐超标我认，守约咋了，是我二技能锁头了还在咋样[尬笑]
868	douyin	2026-08-13T16:03	281	当玩家血脉里的DNA被激发时可以有多燃 #王者荣耀
869	douyin	2026-08-13T16:04	0	娜可露露不一样
870	douyin	2026-08-13T16:06	1	现在最弱，强度也不低呀[捂脸]
871	douyin	2026-08-13T16:06	0	敖隐都是氪金英雄了呀…而且但凡有点控制你大招都点不出来 没有大招的空档期是随便抓的 就一个保命技能 觉得超标的真的可以拿去上分 反正我是上坟去了[泣不成声]
872	douyin	2026-08-13T16:07	1	来看我排的[看]
873	douyin	2026-08-13T16:09	0	射手拿个红就可以断马腿了
874	douyin	2026-08-13T16:11	0	改回法伤吧，直接把法球和霸者俩红利都砍了[看]
875	douyin	2026-08-13T16:12	0	搜世界上最萌怎么给我弹到这来？
876	douyin	2026-08-13T16:13	0	削弱王昭君
877	douyin	2026-08-13T16:15	0	我感觉打大团厉害，人越少，越一般，当轮子妈玩，也挺好玩
878	douyin	2026-08-13T16:17	0	1
879	douyin	2026-08-13T16:18	0	我觉得牢大这强度刚刚好呀
880	douyin	2026-08-13T16:18	0	1
881	douyin	2026-08-13T16:18	2	有消息了吗？
882	douyin	2026-08-13T16:19	0	哪个英雄帅我就选哪个我不管克制
883	douyin	2026-08-13T16:19	0	现在谁不摆[尬笑]而且我估计早就这样了吧，没明说
884	douyin	2026-08-13T16:21	0	下一个削弱的英雄应该是关羽
885	douyin	2026-08-13T16:24	0	巅峰2100 等一个会玩且网瘾大的鲁班
886	douyin	2026-08-13T16:25	1	无法选中又怎样？依旧给我立正
887	douyin	2026-08-13T16:26	0	猎豹流卢雅那密语:FLcXoBP2mL 记得点赞关注哦！
888	douyin	2026-08-13T16:26	1	守约没开玩笑吧
889	douyin	2026-08-13T16:28	1	就算是司凤拉满的芈月，在关羽大人面前也就是个萝莉[憨笑][憨笑]
890	douyin	2026-08-13T16:29	0	有没有匹配刷胜率的
891	douyin	2026-08-13T16:30	0	说关羽超标的，你们中单是不是玩的安琪拉，妲己，王昭君啊
892	douyin	2026-08-13T16:31	0	以后都玩中路，中路能玩的多。金蝉，海月，武则天，女娲，扁鹊。现在都挺强的[黄脸干杯]
893	douyin	2026-08-13T16:32	0	弱的中单，基本上毫无有效控制，豪无线权，毫无支援，毫无伤害必须吸血，占两个
894	douyin	2026-08-13T16:32	0	感觉强普要加个锁头。大招要加粗一点获得整个减速。
895	douyin	2026-08-13T16:32	0	@抖音精选App官方账号 @抖音精选小助手
896	douyin	2026-08-13T16:33	1	极速战靴，闪电匕首，末世，影刃，无尽战刃，破晓。铭文三个红月，七个祸源，十个鹰眼，七个狩猎三个夺萃
897	douyin	2026-08-13T16:33	0	加点数值，一技能翻滚远一点，大招加个斩杀效果
898	douyin	2026-08-13T16:33	0	我只会玩一个虞姬可以玩吗？
899	douyin	2026-08-13T16:34	0	昭君还弱啊[看]
900	douyin	2026-08-13T16:34	0	谁把我中路姐妹炸哭了[捂脸]
901	douyin	2026-08-13T16:34	0	前期说的啥三条龙啥意思呀？[热化了]
902	douyin	2026-08-13T16:35	0	笑死我了
903	douyin	2026-08-13T16:36	0	你教程还没出的时候，我就尝试去玩打野
904	douyin	2026-08-13T16:36	0	刷野超级慢
905	douyin	2026-08-13T16:37	0	呵呵 有人用芈月打到巅峰第二，我的芈月队友对直接住在对抗路都没几个会打团的
906	douyin	2026-08-13T16:37	0	建议删除中路
907	douyin	2026-08-13T16:38	1	@望故事予你 @阿鬼。 @喜欢💽⛹🏼
908	douyin	2026-08-13T16:38	0	软辅确实不强，禁他纯属怕队友选
909	douyin	2026-08-13T16:39	0	系统要你输怎么打都没用
910	douyin	2026-08-13T16:40	0	1700掉到1500，没招了，玩什么都赢不了
911	douyin	2026-08-13T16:40	0	敖隐CD多长啊[微笑]发育路一个比一个牢，好不容易有两不容易被抓的，还要被削[微笑]
912	douyin	2026-08-13T16:41	0	难打[发怒]
913	douyin	2026-08-13T16:43	0	小宝宝[黄脸祈祷]
914	douyin	2026-08-13T16:43	0	什么叫无法选中？
915	douyin	2026-08-13T16:44	1	你看这些职业比赛，他也不搬软辅[笑哭][笑哭][笑哭]
916	douyin	2026-08-13T16:46	0	4
917	douyin	2026-08-13T16:47	0	有人想来1200炸鱼吗
918	douyin	2026-08-13T16:47	0	迎接我的黄金狮子蛋吧[捂脸]
919	douyin	2026-08-13T16:47	0	最晚
920	douyin	2026-08-13T16:47	0	19号是不是就截止了[泣不成声][泣不成声]
921	douyin	2026-08-13T16:48	0	打野玩着累就算了 遇到点逆天的什么锅都往你身上甩
922	douyin	2026-08-13T16:48	0	打低分强，因为低分不会反制不懂控距[捂脸]
923	douyin	2026-08-13T16:48	3	黄婷婷你太美了总选第一
924	douyin	2026-08-13T16:48	0	关羽上手要求很高啊
925	douyin	2026-08-13T16:48	0	这英雄跟秽土班一个性质， 直接把一技能改成长短按不就行了[捂脸][捂脸]
926	douyin	2026-08-13T16:49	1	龙人还强吗[捂脸]
927	douyin	2026-08-13T16:49	0	单排千万不要玩鬼谷子[泣不成声][泣不成声][泣不成声]
928	douyin	2026-08-13T16:49	0	不道啊，点进来就被迷倒了[色][色][色]
929	douyin	2026-08-13T16:50	0	刘备他不一样
930	douyin	2026-08-13T16:51	0	现在玩个中路多安逸啊，玩中路不用看打野野区，不用支援队友，就清线，清完线然后塔下挂机。有什么事就保KD不出去，杀一个人就保KD怂在后面不出去
931	douyin	2026-08-13T16:51	0	@公瑾（狼套系在橱窗） 鞋子前期用法穿鞋过渡会更好一点
932	douyin	2026-08-13T16:51	0	就是不砍大招持续时间
933	douyin	2026-08-13T16:51	0	龙人都70多ban率了不削，削新皮肤刚出的且没强多久的守约吗吗，咋想的
934	douyin	2026-08-13T16:52	0	想到砍发育路最强的也不会想到加强几个牢射和发育路环境吗
935	douyin	2026-08-13T16:52	0	啥时候增强伽罗
936	douyin	2026-08-13T16:52	0	限定英雄不是吗[泪奔]想买都买不到了
937	douyin	2026-08-13T16:52	0	伽罗的困境根本原因就是坦辅的式微
938	douyin	2026-08-13T16:52	0	对呀，到底是谁说孙权强的[无语流汗]
939	douyin	2026-08-13T16:53	0	龙人真空期那么久 为什么这也能排t0 我有都不想玩
940	douyin	2026-08-13T16:53	0	发育路还有几个能玩打野对抗中路我建议都削了
941	douyin	2026-08-13T16:54	0	还不如加强我牢信
942	douyin	2026-08-13T16:54	0	娜可露露
943	douyin	2026-08-13T16:55	0	发育路超标居然只是因为好活[流泪]
944	douyin	2026-08-13T16:55	0	把机制改回去，把那个伤害也改回出厂设置呗
945	douyin	2026-08-13T16:55	0	把守约改回来
946	douyin	2026-08-13T16:55	0	米莱狄查无此人吗[捂脸]
947	douyin	2026-08-13T16:55	0	单排改一下，单排只能匹配双方单排玩家，不存在单排匹配双排，三排玩家，这样的匹配机制才公平。
948	douyin	2026-08-13T16:56	0	啥时候削弱231玩家 [捂脸] [捂脸]
949	douyin	2026-08-13T16:56	0	射手就该老实被当野怪一样刷掉啊，超标龙人竟然敢还手，改削
950	douyin	2026-08-13T16:56	0	小看我了，除了新出的空空儿和大禹没玩过，其他辅助我全会，10个ban位还是少了
951	douyin	2026-08-13T16:56	0	出装用电刀吗
952	douyin	2026-08-13T16:56	1	不行了我打了两把和吃屎一样难受[微笑][微笑][微笑][微笑][微笑][微笑][微笑][微笑][微笑][微笑][微笑][微笑][微笑][微笑][微笑][微笑][微笑][微笑][微笑][微笑][微笑][微笑][微笑][微笑][微笑][微笑][微笑][微笑][微笑][微笑][微笑][微笑][微笑]
953	douyin	2026-08-13T16:56	7	我射手转中路发现一个bug，选出武则天一直乱按就会弹出胜利结算画面[流泪]
954	douyin	2026-08-13T16:56	0	依旧射手超标就削别的分路依旧美美隐身
955	douyin	2026-08-13T16:56	0	我好像都没匹配到过。
956	douyin	2026-08-13T16:57	0	还有人觉得元法超标[色]我觉得她t3强度应该还是有的
957	douyin	2026-08-13T16:57	0	守约强度我认可，但是龙人真的很强吗？
958	douyin	2026-08-13T16:57	0	可以理会吗？
959	douyin	2026-08-13T16:57	0	不是王者想干什么！搞得一堆玩家退游就老实了[黑脸]
960	douyin	2026-08-13T16:57	0	大乔非ban必选，自己不玩也怕对面选
961	douyin	2026-08-13T16:58	0	真闹鬼了 根本没玩 上线就看到了[噢买尬]
962	douyin	2026-08-13T16:58	0	香香这英雄还是比较难玩的，太需要拉扯了。不如玩玩大鸟更自在[看]
963	douyin	2026-08-13T16:58	0	鲁班真牛。
964	douyin	2026-08-13T17:00	0	艾琳发育不起来，大不了
965	douyin	2026-08-13T17:00	0	策划他就改吧，王者荣耀马上要改成诸神荣耀了
966	douyin	2026-08-13T17:01	0	孙尚香使用一技能期间跟李元芳一样翻滚期间无法选中就行[不失礼貌的微笑]
967	douyin	2026-08-13T17:01	0	因为小朋友们长大了😄
968	douyin	2026-08-13T17:01	0	加强完，出皮肤，出完皮肤丢一边[捂脸][捂脸][捂脸]
969	douyin	2026-08-13T17:02	0	15卡王者40多星[黑脸]
970	douyin	2026-08-13T17:02	0	要这样的话。嗯。我又要开始玩铠了。
971	douyin	2026-08-13T17:02	0	143周白银上非凡王者还可以吗
972	douyin	2026-08-13T17:02	0	孙尚香赢的几率都已经低于50%了，我遇到的孙尚香射手要么玩不明白，要么根本就不会玩
973	douyin	2026-08-13T17:02	0	救命🆘 我刚花60买的敖隐啊[流泪]
974	douyin	2026-08-13T17:04	1	龙人强就强在让对面打野起不来，其他发育路都被对面当启动资金刷了，就龙人自己就算发育不起来对面也别想拿到钱，射手就该被当野怪一脚踹丝啊，龙人竟然敢还手，还是太超标了[感谢]
975	douyin	2026-08-13T17:04	0	以后发育路可以删掉了[懵]
976	douyin	2026-08-13T17:04	0	对抗路才是[微笑]
977	douyin	2026-08-13T17:05	1	杉杉是曾度一中的吗[玫瑰][玫瑰][玫瑰]
978	douyin	2026-08-13T17:05	0	那就回调守约呗，强不强看个人手法[捂脸]
979	douyin	2026-08-13T17:05	0	玩啊，从来不玩和平精英（I＇m11）
980	douyin	2026-08-13T17:06	0	吧龙人的控制削点就行了[看]
981	douyin	2026-08-13T17:06	0	因为快过年了 要杀年猪了[流泪]
982	douyin	2026-08-13T17:08	0	小白 谁能带
983	douyin	2026-08-13T17:08	0	为什么我家对抗总喜欢刚开局来抢我的野
984	douyin	2026-08-13T17:08	0	谁能教教我，新手
985	douyin	2026-08-13T17:09	0	我早就说过，对抗路和发育路就是双区兄弟，对抗路被砍完下一个就是发育路[憨笑]
986	douyin	2026-08-13T17:09	0	因为以前的人都长大了
987	douyin	2026-08-13T17:09	0	我现在就想要回调[捂脸]现在玩的太不习惯了
988	douyin	2026-08-13T17:11	0	最近到底谁在赢[尬笑][尬笑][尬笑]
989	douyin	2026-08-13T17:11	0	OK 直到我了解了马可全能[钱]
990	douyin	2026-08-13T17:11	0	谁还记得元法刚削弱那会，被一群神秘玩家说蚊子腿削弱，现在直接T5了，神秘玩家又隐身了
991	douyin	2026-08-13T17:11	0	哈哈我就知道出了皮肤包削弱👎🏻 早己看透用小红皮
992	douyin	2026-08-13T17:11	0	这种情况下，你可以玩一点强势简单的，像我之前就是玩孙策一直上不去分，然后我玩点强势的英雄，然后再把孙策改去打辅助，现在孙策胜率也提高了很多
993	douyin	2026-08-13T17:12	0	刘禅手太短，根本砸不到人，不敢玩了
994	douyin	2026-08-13T17:12	0	不要改啊，全靠前期强度打烂对面的[看]
995	douyin	2026-08-13T17:12	0	说实话朵利亚恶心人是因为他跟别人组合恶心
996	douyin	2026-08-13T17:12	0	我觉得敖隐控制也挺贱的，后羿狄仁杰都是大招才是控制，而且比敖隐难命中多了，敖隐小技能就是控制，而且命中百分百，和敖隐对点的时候能让抽成陀螺，敖隐大招cd长可以不用削弱，伤害过前排弱也可以不削弱，但是控制多对于一个射手来说真过分
997	douyin	2026-08-13T17:12	0	兄弟你加个水印吧有人盗你视频
998	douyin	2026-08-13T17:12	0	太超标了
999	douyin	2026-08-13T17:13	0	龙人暴击那个催 随便切[捂脸]
1000	douyin	2026-08-13T17:13	0	爱杉杉
1001	douyin	2026-08-13T17:14	1	我的龙你不要走[泣不成声][泣不成声][泣不成声]
1002	douyin	2026-08-13T17:14	0	发育路司空震叱咤元歌超标
1003	douyin	2026-08-13T17:14	0	对抗路才是没人玩！只要选择补位百分90都是对抗秒开
1004	douyin	2026-08-13T17:14	0	不是哥们，这个赛季的射手就没有真正意义上超标的，反而是有些射手都有点拿不出手了，敖隐强在小控制和大招保命，戈娅高机动性和大招，公孙离灵活，至于说输出，我巧丽哇的，射手没有输出那不如删了[憨笑]我们一般管没有输出的射手叫飞舞英雄，后期射手就必须担任全队输出核心，全都被随便踢死，那还玩啥射手[懵]
1005	douyin	2026-08-13T17:14	0	我感觉发育现在不应该削弱应该全部加强 前期被抓几波基本上就废了 或者你老老实实抗压结果队友炸了那也废了 不是太轮椅就是太弱。。
1006	douyin	2026-08-13T17:14	0	那个海月阴成啥了，拉进秘密空间，直接高你2000经济来了[捂脸][捂脸][捂脸]
1007	douyin	2026-08-13T17:15	0	又是妲己，妲己怎么可能秒不了龙人[泣不成声]
1008	douyin	2026-08-13T17:15	0	守约就一个大招有自保能力，削了和移动的肉块有啥区别
1009	douyin	2026-08-13T17:15	0	真的是曾一的吗？
1010	douyin	2026-08-13T17:16	0	但是打野真的很好赢
1011	douyin	2026-08-13T17:19	0	有没有打的滴我我不是女的
1012	xiaohongshu	2026-07-30T18:21	0	啥时候 已经增强了吗
1013	xiaohongshu	2026-07-30T18:29	0	什么时候的，如果刚刚的太好了
1014	xiaohongshu	2026-07-30T21:16	8	最新巅峰赛ban率前十，话说敖隐怎么一直在榜 除了海月和六耳，六耳因为是新英雄，加上躲技能这个机制比较牛批，在榜很正常[笑哭R]。 剩下的英雄不是控制流，就是解控流，或者是传送流。 但敖隐真的强很久了，啥呀能再砍一刀呀？[doge] #王者荣耀[话题]# #王者荣耀7月热点[话题]# #巅峰赛[话题]# #王者[话题]# #辅助[话题]#
1015	xiaohongshu	2026-07-30T21:27	0	六耳这英雄不会削的 比赛和巅峰赛表现太差 全局也就50的胜率 后期作用不如兰陵王 很容易被翻盘 没有削的可能性
1016	xiaohongshu	2026-07-30T21:45	61	这个车队用的全是机甲超标英雄，一直用然后在一条路平推，有毛好玩。还不如以前那超级大混战，还能有一丝翻盘的机会。这个跟55一样经济不行就全员拉倒
1017	xiaohongshu	2026-07-30T21:58	63	王者最容易被禁用的英雄
1018	xiaohongshu	2026-07-30T22:02	0	刘禅妥妥的刘禅
1019	xiaohongshu	2026-07-30T22:02	0	刘禅也是太超标了
1020	xiaohongshu	2026-07-30T22:03	0	一局单杀20几个
1021	xiaohongshu	2026-07-30T22:03	0	米莱狄
1022	xiaohongshu	2026-07-30T22:04	2	必须是盾山
1023	xiaohongshu	2026-07-30T22:58	44	那个初情我碰到好几次了，前几次都没喊口号，还跟我互动来着，最后一次突然在哪喊什么野狼出征寸草不生，我以为他们是啥子[石化R]
1024	xiaohongshu	2026-07-30T23:35	0	大司命
1025	xiaohongshu	2026-07-30T23:49	1	庄周
1026	xiaohongshu	2026-07-31T01:23	0	必须是妲己。
1027	xiaohongshu	2026-07-31T10:31	2	大招加个绝对免疫，好多时侯大招刚放到一半就没了
1028	xiaohongshu	2026-07-31T10:56	0	张良我把把禁[偷笑R]
1029	xiaohongshu	2026-07-31T12:04	1	这能看到自己
1030	xiaohongshu	2026-07-31T15:53	335	谁懂我看见此贴的震撼😅 我不行了，这个赛季但凡拿射手打上王者，但凡玩过射手一百把以上就说不出这些话[睡觉R]我本人拿射手打了一百多把这赛季评分已经暴跌了，这赛季什么时候全体射手超标了没告诉我呀 真的懒得回他了，我看他是梦到哪句说哪句 #王者荣耀[话题]# #排位[话题]# #射手[话题]# #超标英雄[话题]#
1031	xiaohongshu	2026-07-31T15:54	62	真的震撼首发了，我昨天刷到的时候还以为自己没睡醒😅
1032	xiaohongshu	2026-07-31T16:01	344	射手...射手现在敢和那个坦克单独对A啊[石化R]
1033	xiaohongshu	2026-07-31T17:15	0	他们有个叫初夜的玩的很厉害 玩鬼谷比较多 其他的也打的厉害 撞过几次
1034	xiaohongshu	2026-07-31T17:29	5	沈梦溪三榜胜率小掉丨调整后首日数据对比 #王者荣耀[话题]# #王者荣耀7月创作激励活动[话题]# #王者高光解说台[话题]# #王者荣耀热门[话题]# #小王探星计划[话题]# #我是电竞评论员[话题]# #王者荣耀创作激励[话题]# #王者农场[话题]# #沈梦溪[话题]# #沈梦溪削弱[话题]#
1035	xiaohongshu	2026-07-31T17:36	0	刚开始练就削了[笑哭R]
1036	xiaohongshu	2026-07-31T17:43	0	必须是墨子
1037	xiaohongshu	2026-07-31T20:57	139	先叠甲，本人42段射手。暴论，现在的射手就是区。前期畏畏缩缩被各种越塔，后期依旧对面可以失误无数次而我只能失误一次
1038	xiaohongshu	2026-07-31T23:00	234	发育路就是几个区里面选择一个好一点的而已，知道为什么敖隐在发育路超标吗？就是因为他能够活下去，其实他的持续输出能力并不强,如果单论输出的话，他可能在发育路都排不上号，但是他的技能里面有控制，可以用风火龙魂抽人，就类似于法师的控制技能，有保命能力，所以才超标的[笑哭R][笑哭R][笑哭R]
1039	xiaohongshu	2026-07-31T23:39	0	给我文字版的 元流鲁班大师 的技能循环顺序@问一问 问一问
1040	xiaohongshu	2026-08-01T00:31	0	我都是ban宫本多一些[哭惹R]
1041	xiaohongshu	2026-08-01T07:43	27	我也刷到了，评论区有人说疑似高手炸鱼给我钻石兄弟炸哭了，笑死我了
1042	xiaohongshu	2026-08-01T11:12	44	要不是下路小兵加过魔抗，现在发育路早被法师入侵完了，参考lol，但问题是人家撸的ad真配得上后期大核，王者这十几条区根本不能看的
1043	xiaohongshu	2026-08-01T11:18	0	我超威这谁做的表，我才改完名没多久都能给我更新上[呃R]
1044	xiaohongshu	2026-08-01T14:28	15	开团S44赛季五大超标英雄 1、海月 阴间中的阴间，三二集合连招直接吓哭了[哭惹R] 2、司空震 宗教的、怕控制的、吃手法的、要红的，实际上会玩司空震12分钟拿个红去带边没3、4个人根本不敢抓，带红司空震打团一个追着三个肘[微笑R]，跑也跑不动，他还无限刷盾，打盾上还吸不了血[黑薯问号R] 3、孙悟空 不知道策划怎么想的，觉得镜的双惩不合理砍了，猴子却狠狠地加强了两波，这么阴间策划不知道吗，开局直接反野反不到，还不影响自己的刷野效率，中期还可以利用跳棍筋斗云带线，打团更是直接把前排当跳板切C，如果这不超标，我都不知道什么叫超标了 4、元歌 天天说自己的英雄吃手法低容错，实际上没几个英雄比元歌容错高，切C和看视野是基本0成本，我的建议是把技能基础威力给砍掉，格外AD加一点，不出攻击装就别想要伤害，每个技能再加5秒cd绑死冷却鞋[微笑R] 5、盾山 僵王博士还是躲在ban位最自在#巅峰赛[话题]# #王者荣耀[话题]# #司空震[话题]##海月[话题]##孙悟空[话题]#
1045	xiaohongshu	2026-08-01T14:38	1	你拜月神教还是你拜月神教
1046	xiaohongshu	2026-08-01T15:11	1	[吃瓜R]包海月的
1047	xiaohongshu	2026-08-01T16:01	0	元歌真这样改了队友选出来又不让玩了
1048	xiaohongshu	2026-08-01T16:17	0	元歌确实恶心，假人上去打了就跑，而且变成别人还能用别人技能，很少有这样高灵活 高爆发，还大控的玩意，机制实在太超标了
1049	xiaohongshu	2026-08-01T16:49	0	单排还没遇到过车队，还挺想撞一下的
1050	xiaohongshu	2026-08-01T17:18	268	王者S44全英雄强度排行丨 没有手法，全是强度！#王者荣耀[话题]# #梯度排行[话题]# #暗信[话题]# #海月[话题]# #女娲[话题]#
1051	xiaohongshu	2026-08-01T17:24	1	[捂脸R]我好像都在用t5-t4
1052	xiaohongshu	2026-08-01T17:41	1	我华明明一直在T1位置稳稳带着，怎么还会有那么多人吹她T0.5？[笑哭R]
1053	xiaohongshu	2026-08-01T18:29	4	中野疯狂在发育路和射辅一起打架，对抗路除了能对位打爆对面不然输赢都没啥参与感
1054	xiaohongshu	2026-08-01T18:35	10	OMG！超级黄忠万血重装流 黄忠万血千攻百吸.照片最后有出装 #我的王者高光解说台[话题]# #超自然武装[话题]# #爆炸就是艺术[话题]# #王者荣耀搞笑视频[话题]#
1055	xiaohongshu	2026-08-01T18:36	0	好妖娆的身姿[抓狂R][抓狂R][抓狂R]
1056	xiaohongshu	2026-08-01T19:09	1	xhs上天天说少司缘海月嫦娥大乔元歌司空震影关羽不超标的人呢[笑哭R]
1057	xiaohongshu	2026-08-01T19:20	0	玩射手必禁墨子，不禁只要对面选出来恶心你一整把，跟他对线最多的就是射手了[失望R]
1058	xiaohongshu	2026-08-01T20:21	0	心魔六耳呢
1059	xiaohongshu	2026-08-01T20:29	0	我会平等的在每个超标帖子里面选择海月
1060	xiaohongshu	2026-08-01T21:17	0	海月+元歌，不过玩射手玩法师更怕元歌，有时候感觉挺恐怖的，走走路，他直接变成其他的，直接一套小连招带走，想跑，他突然跑脸上给我弄没了
1061	xiaohongshu	2026-08-01T21:47	0	小熊猫
1062	xiaohongshu	2026-08-02T01:46	35	削弱六耳啊。。。。 我真要被打破防了这么超标想干嘛。。。峡谷的天变了。。。#我没惹任何人[话题]# #王者荣耀[话题]# #心魔六耳[话题]#
1063	xiaohongshu	2026-08-02T01:48	31	无法选中比我命长，，，
1064	xiaohongshu	2026-08-02T01:51	0	上来就是一堆无法选中，金蝉的一的难绷[捂脸R]
1065	xiaohongshu	2026-08-02T02:25	15	难绷好吧 好端端在塔下交了闪现都躲不掉 为什么可以无伤越塔无法选中还那么高伤害那么久 凭啥啊
1066	xiaohongshu	2026-08-02T02:44	0	我觉得大司命打挺好，只要不要超过三个人就行[害羞R]一般可以1打2
1067	xiaohongshu	2026-08-02T02:48	1	不会削的 比赛和巅峰赛胜率太差了 全分段也只是50的胜率 说明这英雄上限太低 后期的作用还不如以前的兰陵王
1068	xiaohongshu	2026-08-02T03:26	0	顶端局胜率45%还是46%来着。会拆火的话很好打。但是对抗感受很难受，低端局强度也低。 低端局和高端局顶端局玩家差距太大。
1069	xiaohongshu	2026-08-02T09:18	0	我射手每局都出一到两个肉装这六耳还是能两棍秒我[笑哭R]
1070	xiaohongshu	2026-08-02T09:34	0	伤害高位置多还无法选中，没把都ban它，离了个大谱
1071	xiaohongshu	2026-08-02T09:59	4	把无法选中改一下就没什么人说他超标了[笑哭R]
1072	xiaohongshu	2026-08-02T13:52	2	看完分级才意识到原来强的是我，这游戏还是太吃个人强度了[棒R]
1073	xiaohongshu	2026-08-02T21:24	66	8.2正式服数据更新：T0边路越削越强！海月 海月新皮肤的品质应该有点高.. #王者荣耀[话题]# #王者荣耀热门[话题]# #王者荣耀攻略[话题]# #游戏热门[话题]# #游戏攻略[话题]# #热门[话题]# #王者S44新赛季[话题]#
1074	xiaohongshu	2026-08-03T08:43	2	六耳和盾山这两个英雄真的好超标[捂脸R]策划压根不会去削他们，真的是数值超标，这英雄最后只会被玩家抵制，除非王者给每个英雄都设计一个命格，并且都是数值怪
1075	xiaohongshu	2026-08-03T08:59	0	海月不出梦魇吗
1076	xiaohongshu	2026-08-03T10:12	2	海月不出无相吗？我感觉出了无相大招很快呀
1077	xiaohongshu	2026-08-03T10:33	0	为啥我经济第一，打鲁班只掉200来点血，玩的海月，他没出魔抗
1078	xiaohongshu	2026-08-03T11:02	61	海月卖完皮肤一定削的，都不用想这群策划的日常操作了，想练的真的谨慎，现在确实有点强[笑哭R]但是之后就不一定了
1079	xiaohongshu	2026-08-03T12:40	2	@momo @Bam-boos @小红薯635BE4A0 原来我一直在玩下水道[笑哭R]（指的是茄罗）
1080	xiaohongshu	2026-08-03T18:37	1	海月太看队友了，只要队友不会玩一点，或者是送了一两波就直接崩盘了
1081	xiaohongshu	2026-08-03T21:59	0	海月是真的夸张，，
1082	xiaohongshu	2026-08-03T22:36	1	我喜欢玩阿古朵，敌人来了我直接2技能滚走，等我白嫖到敖隐，我就玩敖隐，敌人来了我直接飞回高地[微笑R]
1083	xiaohongshu	2026-08-03T23:34	1	海月已经100%bp超过龙人了[笑哭R]策划说是要平衡高低分段强度，结果高端局更超标低端局更路边，真会改
1084	xiaohongshu	2026-08-04T00:47	0	已拿海月严肃上1788[doge]
1085	xiaohongshu	2026-08-04T01:12	1162	自从AG用了一把僵王博士之后 主播已经在排位碰到六七把了 无一例外都输了 这个僵王博士到底要怎么打 以后必ban盾山[黄金薯R] #王者日记[话题]# #王者匹配机制[话题]# #僵王博士[话题]#
1086	xiaohongshu	2026-08-04T01:25	417	s44王者荣耀法师t度排行 #王者荣耀[话题]# #法师[话题]# #排位[话题]# #巅峰赛[话题]#
1087	xiaohongshu	2026-08-04T01:27	324	玩过海月的就知道还是有相当大成分取决于队友[失望R]
1088	xiaohongshu	2026-08-04T03:27	7	对面有盾山的话，可以选有霸体和有位移的英雄，能废掉盾山的2。王昭君和甄姬最克制盾山，没ban必选。其次是廉颇，可以用霸体去骗盾山的大，然后一屁股坐两个人，队友同时集火
1089	xiaohongshu	2026-08-04T07:52	25	金蝉不至于t5[笑哭R]
1090	xiaohongshu	2026-08-04T08:56	3	现在最该削的就是名刀。。后期那个无敌时间真逆天了
1091	xiaohongshu	2026-08-04T09:01	0	姐姐好厉害
1092	xiaohongshu	2026-08-04T09:06	0	有的 没有特别怕的英雄 ban朵莉亚就行 屏蔽全部队友丢个21a就走 然后点击发起进攻 能抓就抓 抓不到就吃
1093	xiaohongshu	2026-08-04T09:14	0	海月就不适合单排玩吧
1094	xiaohongshu	2026-08-04T10:35	126	把盾山ban了，跟鲁班关系没有那么大，主要是盾山实在是太强势了，带个艾琳守约只要射手不拖后腿，盾山玩得好一点的，都能成线霸
1095	xiaohongshu	2026-08-04T12:01	0	但还是有打得6.3分的队友[完啦R]
1096	xiaohongshu	2026-08-04T12:59	1	虽然 但是我同意海月增强[笑哭R]
1097	xiaohongshu	2026-08-04T14:39	7	昨天巅峰赛用张飞伽罗打僵王博士感觉还可以 对线期不会太难受 打团的话直接猛猛开鲁班就行了
1098	xiaohongshu	2026-08-04T18:09	73	举手答题：纯法大乔，形昭十字斩➕大招，直接把僵王博士打残，只要队友是人类，就会过来收割。鲁班一死直接赢了[偷笑R][偷笑R]好用。像传统打盾山的太乙真人会因为舔后，队友伤害不够而自己暴毙
1099	xiaohongshu	2026-08-04T19:32	1	我玩射手的，目前没感受到六耳给的压力，更多的压力是队友是否正常[笑哭R]
1100	xiaohongshu	2026-08-04T20:56	28	8.3王者中路英雄梯度排行 玩中路优先记住线权大于一切，清线速度决定你能不能游走支援。选人阶段优先拿 T0、T0.5 英雄，稳扎稳打；缺少熟练 T0 英雄就选择 T1 梯队，尽量不要先手选出 T3、T4 英雄。 对线拿到线权，不要盲目乱跑，先观察敌方中路动向。敌方法师往下路走，你优先提醒射手，再决定支援方向；没有线权就不要强行游走，防止丢塔掉兵。 炮台法师主打远距离消耗，别轻易往前冲；法刺不要第一时间进场，等敌方关键控制交完再切入；工具人法师优先选择控制装备，把经济让给射手打野。 BP 环节学会后手 counter，对面突进多选海月、金蝉；回血阵容可以安排周瑜、梦魇装备；敌方多控制，避开上官婉儿、貂蝉这类依赖持续输出的英雄。 顺风局多配合打野控龙、入侵野区，持续压缩对面发育空间，不要一直待中路发呆；逆风不要单独蹲草，抱团防守，利用防御塔寻找机会，避免单人被抓导致持续掉点。 新手优先上手沈梦溪、海月这类容错高的英雄，不要一开始就苦练干将、火舞这种高操作英雄。懂得根据阵容灵活换打法，不要死板固定出装，慢慢提升游走意识，中路想要上分，节奏永远比单纯人头更加重要。#王者荣耀工作室[话题]# #清晨电竞[话题]# #梯度排行[话题]#
1101	xiaohongshu	2026-08-04T20:58	1	难怪我用阿古朵和赵云单排，两三年没玩刚回归一周就从黄金段位干到现在42星了[笑哭R]
1102	xiaohongshu	2026-08-04T21:14	1	每张中单强度排行都略有出入，只有海月从没下来过
1103	xiaohongshu	2026-08-04T21:39	4	感受一下新晋T0的中单大乔#大乔[话题]# #王者荣耀[话题]# #王者峡谷日记[话题]#
1104	xiaohongshu	2026-08-04T21:49	14	王者里必ban的中路英雄 #王者荣耀[话题]# #王者英雄[话题]# #王者脱坑入坑上交易猫[话题]# #王者[话题]#
1105	xiaohongshu	2026-08-04T21:58	1	？
1106	xiaohongshu	2026-08-04T22:00	2	依旧低分理解
1107	xiaohongshu	2026-08-04T22:54	140	s44赛季中单法师五巨头！ #王者荣耀[话题]# #王者[话题]# #版本之子[话题]# #王者荣耀热门[话题]#
1108	xiaohongshu	2026-08-04T23:18	0	我目前遇到过的都赢了[笑哭R]，感觉盾山蛮脆的，不知道是不是我运气好遇到的不会玩[捂脸R]，好像大禹可以克制，二技能控一下，然后被对着打可以一技能加血，走位躲掉他们输出，没背队友的盾山就注意拉开距离别被背过去
1109	xiaohongshu	2026-08-04T23:28	0	[自拍R][自拍R]
1110	xiaohongshu	2026-08-04T23:30	0	这张图已经很客观了，只是甄姬因打肉优势t度榜一直都有争议[doge]
1111	xiaohongshu	2026-08-04T23:51	5	看到队友玩瑶我必ban 没有为什么哪怕队友会玩我也要ban瑶，你受着#王者搭子[话题]# #王者cp[话题]# #王者荣耀[话题]# #王者日记[话题]# #原来你也玩王者[话题]# #排位[话题]# #王者荣耀辅助[话题]# #w王者荣耀[话题]# #王者匹配机制[话题]#
1112	xiaohongshu	2026-08-05T00:15	0	其他的先不说，你是说你把女娲放出来了是吧？[黄金薯R][色色R]
1113	xiaohongshu	2026-08-05T00:35	0	我今天遇到一个贱人吕布更恶心，我预选孙膑给我ban了，我反手王昭君一级就去清他线，反手把他双排的队友举报了，最后直接追到营地去骂，给他惯的
1114	xiaohongshu	2026-08-05T01:04	11	小乔，王昭君其次甄姬都很好用，她们的控制技能都是地上的圆圈，不是正面过去的，盾山挡不掉，一下子控两个。而且小乔王昭君大招都是从天而降的范围伤害，盾山也挡不掉!，强推![哇R]
1115	xiaohongshu	2026-08-05T02:53	12	应该削弱战士数值 黄盾肉装弱完全就是因为战士数值太高，太超标了。 比如赵云一件黑切就能秒C，为什么不剩下格子出肉呢？ 以此类推，本来就不缺伤害的超标战士，像马超，关羽，云缨，司空震，镜，暃，完全有格子出肉，所以肉装加强的后果就是超标战士加强。 从最近策划调整也可以看出来，基本上都是给坦克本身加上撞击伤害，而不好加强坦装装备，坦克装的红利每次都被超标战士先吃到。 #王者荣耀[话题]# #边路[话题]# #超标英雄[话题]# #坦克[话题]# #法师[话题]#
1116	xiaohongshu	2026-08-05T09:21	78	孩子们 我有个视频评论区说武则天这版本比甄姬强多了 一堆人喷我
1117	xiaohongshu	2026-08-05T09:23	5	我把把ban钟馗是对的 真的是凭一己之力带飞全场了[立马暴富]神秘冰冻女子嘴一张跟后面就是吃饭[立马暴富]太牛了！太牛了！太牛了！！我爱你钟馗，虽然我的爱体现在非队友预选必ban，但我真的很爱你[立马暴富] #王者荣耀[话题]# #排位上分[话题]# #王者荣耀钟馗神钩[话题]#
1118	xiaohongshu	2026-08-05T10:36	274	实际上，盾山配个站桩型射手卤蛋后羿艾琳蚩姹之类的，只要这个驾驶员不发病，基本就是默认boss来的，ban掉盾山就行了
1119	xiaohongshu	2026-08-05T11:10	1	那可不可以把肉装这么改：增加xx生命值/物抗（坦克翻倍）
1120	xiaohongshu	2026-08-05T12:18	0	哈哈没绷住
1121	xiaohongshu	2026-08-05T12:21	0	还有个给我少司缘禁了[笑哭R]预选少司缘一下秒就被他禁了[笑哭R][笑哭R][笑哭R]幸好给我禁了，玩的菜的要命，不然还掉我胜率
1122	xiaohongshu	2026-08-05T13:35	1	我遇到过我跟朋友三排搬了我的朵利亚。然后我反手掏一个瑶奖励他，还打了个顶级游走
1123	xiaohongshu	2026-08-05T13:56	0	我之前也遇到过这种情况，恶心死了[黄金薯R]
1124	xiaohongshu	2026-08-05T14:25	2	ban队友选的英雄的人一般都是对自己没信心的人，或者玩的菜的，他带不飞别人所以觉得队友选了就会输
1125	xiaohongshu	2026-08-05T14:29	0	我预选个小乔也给ban
1126	xiaohongshu	2026-08-05T15:47	0	海月赢在建模
1127	xiaohongshu	2026-08-05T18:13	2	众所周知加强肉装等于加强战士，战士刷钱碾压坦克，所以加强肉装等于削弱坦克
1128	xiaohongshu	2026-08-05T18:37	0	对啊都是无条件ban瑶的
1129	xiaohongshu	2026-08-05T19:14	3	小乔竟在甄姬之上，感觉这赛季小乔很难赢哇[生气R][生气R][生气R][生气R]打得我鬼火直冒！
1130	xiaohongshu	2026-08-05T19:41	433	王者依旧卖乖讨好这一块 #王者荣耀[话题]# #嫦娥[话题]##情人节限定[话题]# #削弱[话题]#
1131	xiaohongshu	2026-08-05T19:44	73	会不会是嫦娥跟后羿又有同系列皮肤了 情限反的很突然啊
1132	xiaohongshu	2026-08-05T19:45	34	我说怎么突然就返场了好意外，原来有这个原因[捂脸R]卖完传珍削，削完返场情限卖乖，真把玩家耍的团团转[捂脸R]
1133	xiaohongshu	2026-08-05T20:08	0	预选少司缘也ban。
1134	xiaohongshu	2026-08-05T20:31	18	感觉返场后还可能再削嫦娥，毕竟顶端局胜率还是高，t1是有的
1135	xiaohongshu	2026-08-05T20:57	236	哪有卖乖讨好啊，又不是白送[捂脸R]
1136	xiaohongshu	2026-08-05T21:18	18	我发现每次返场皮肤都削[doge]啥意思看我们嫦娥玩家好欺负？？？
1137	xiaohongshu	2026-08-05T21:37	37	你是玩辅助的吧妹子，我巅峰2500，低中分段对位僵王玩苏烈，鬼谷，赵怀真，廉颇，牛魔，鲁班大师都可以其实，我个人最推荐赵怀真，不管是解体近身还是合体都好打，练习成本约等于没有
1138	xiaohongshu	2026-08-05T21:45	2	你娲已经被削弱了 嫦娥更是变了个英雄[偷笑R][偷笑R]
1139	xiaohongshu	2026-08-05T21:49	88	8.6正式服更新：T0超标怪又加强，皮肤新增5 皮肤新增5款返场12款免费2款，发育路提前变天！ #王者荣耀[话题]# #王者荣耀热门[话题]# #王者荣耀攻略[话题]# #游戏热门[话题]# #游戏攻略[话题]# #热门[话题]# #王者S44新赛季[话题]# #夏日农友节[话题]#
1140	xiaohongshu	2026-08-05T22:05	1	坦克就应该在基础血量和等级成长和战士有明显差距，然后砍肉装给的的血量，砍到和黑切冰脉差不多的500到750血
1141	xiaohongshu	2026-08-05T22:06	7	猜猜是谁打出如此爆炸输出 版本之子妃寒#王者荣耀世界[话题]# #王者荣耀世界百家计划[话题]##王者世界百家计划[话题]#
1142	xiaohongshu	2026-08-05T22:24	0	其实铠也没啥回报 对抗都很拉
1143	xiaohongshu	2026-08-05T23:17	22	嫦娥根本没有这么强 而且也基本看不到人玩
1144	xiaohongshu	2026-08-05T23:17	3	拿大乔当法师真的不会被骂吗
1145	xiaohongshu	2026-08-05T23:20	7	当我给别人发对抗路超标英雄视频时 貌似第一句和最后一句有点矛盾呢[汗颜R][汗颜R] 而且对抗路英雄强度高和海月强度高好像不矛盾吧视频博主只是在讨论对抗路强度不知道为什么这么激动[笑哭R][笑哭R] 再说了海月作为设计出来的单挑英雄如果一对一都打不过那设计这个英雄的目的是什么[捂脸R][捂脸R] 不否认海月的强度，但我作为海月玩家这个赛季胜率比上个赛季下降了近10个百分点，玩的也变少了[失望R][失望R] 帖子发出来肯定会有人说我在哭弱，但是事实就是我现在不怎么玩海月了[叹气R][叹气R] #王者荣耀[话题]# #对抗路[话题]# #海月[话题]#
1146	xiaohongshu	2026-08-05T23:31	56	说的没啥问题吧
1147	xiaohongshu	2026-08-05T23:43	4	海月大招就是个对点count，只能靠后出反制灵活英雄而已，，，司空震在对抗梯度不算高，关羽元歌超标是真的
1148	xiaohongshu	2026-08-05T23:53	11	海月和关羽的超标程度确实没差多少
1149	xiaohongshu	2026-08-05T23:58	0	只有猫咪没玩
1150	xiaohongshu	2026-08-06T00:04	0	可能是因为现在这个游戏本质上是打野游戏，对抗路对游戏输赢影响不大，很少见到对抗带飞的局，所以他觉得英雄不超标吧，对抗路超标的那几个英雄都有点手法换强度，大盘使用率不高，我王者30星附近见的多是项羽吕布这种相对弱势的，超标的关羽元歌我现在也没见着，见着的哪吒也是没有意识瞎飞的，如果他刚上王者应该也是没怎么玩过梯度高的对抗的，觉得不超标也正常
1151	xiaohongshu	2026-08-06T01:29	0	猴子太扫码了 其他四个我海月美美222[doge]
1152	xiaohongshu	2026-08-06T01:36	71	嫦娥已经圈不到我钱了，买完落星盏就削还没张记性吗[doge]我玩王者时间短反正也不指望凑金字了，落星盏我用到死[微笑R]
1153	xiaohongshu	2026-08-06T03:23	71	感觉这版本完全是猫咪海月甄姬小乔洗脚妹的版本
1154	xiaohongshu	2026-08-06T08:15	0	还是红刀太超标了
1155	xiaohongshu	2026-08-06T08:36	7	难怪之前守约强度又上来了，在这等着呢
1156	xiaohongshu	2026-08-06T09:07	1	削弱还想我们花钱[捂脸R]
1157	xiaohongshu	2026-08-06T09:35	0	暴击夺宝券不用会转换回常规夺宝券吗
1158	xiaohongshu	2026-08-06T10:11	2	没人觉得廉颇真的很烦嘛 现在已经成了我必ban的英雄了#王者荣耀[话题]#
1159	xiaohongshu	2026-08-06T10:13	9	排位赛我将会永远ban孙权 这东西绝对绝对绝对不会放出来，只要是有我在的排位局 #王者荣耀[话题]# #王者荣耀排位赛[话题]# #排位赛[话题]# #王者荣耀ban位[话题]#
1160	xiaohongshu	2026-08-06T10:13	1	上赛季出输出装加汇流，无痛切射手和法师
1161	xiaohongshu	2026-08-06T10:13	0	很烦 玩中单能被他单杀
1162	xiaohongshu	2026-08-06T10:14	1	很一般的英雄 不厉害
1163	xiaohongshu	2026-08-06T10:15	0	真超标[笑哭R]我不玩必ban
1164	xiaohongshu	2026-08-06T10:15	3	孙权又不强
1165	xiaohongshu	2026-08-06T10:16	0	龙人和虞姬都能打吧
1166	xiaohongshu	2026-08-06T10:16	0	有孙权拿个带控制的就行，不行就出个冰甲
1167	xiaohongshu	2026-08-06T10:18	0	还好吧，对面拿廉颇，我就直接锁吕布了，打团有他给我附魔
1168	xiaohongshu	2026-08-06T10:20	2	遇到过发育路廉颇吗，我见过，和他对象双排的，给我整红温了，一打团直接上来撞你，伤害又高又有控还肉，费劲打死他自己也非死即残
1169	xiaohongshu	2026-08-06T10:28	0	有我在，大乔就出不来
1170	xiaohongshu	2026-08-06T11:04	0	排我对面时候记得搬米莱迪妲己干将[笑哭R]
1171	xiaohongshu	2026-08-06T11:25	0	如果你觉得烦你肯定遇到我这种对手了[萌萌哒R]
1172	xiaohongshu	2026-08-06T12:18	0	陀螺罢了
1173	xiaohongshu	2026-08-06T12:46	0	现在的孙权，我喜欢别人拿，把把打爆对面，我自己也玩，我深知孙权现在地位拉完了[哭惹R]
1174	xiaohongshu	2026-08-06T13:21	0	问题是没有武则天[哭惹R]
1175	xiaohongshu	2026-08-06T13:53	24	超标呀，卢亚那 试了两把卢亚那，拿了个顶级发育路。。感觉这个新英雄有点超标呀 一技能有点像苍的一技能，不过跑酷翻墙的手感比苍的踩屎感好太多[微笑R] 二技能有点像墨子的控，感觉适合拉扯 三技能致盲的效果，类比虞姬的物理免疫吧，而且由于能同时使普攻和非锁定技能失效，所以感觉更加超标。。#王者荣耀[话题]# #我的王者高光解说台[话题]#
1176	xiaohongshu	2026-08-06T13:55	2	国服玩的都是阉割版的卢亚娜
1177	xiaohongshu	2026-08-06T13:58	1	我上次应该是国际服来国服的那段时间，第一次玩卢亚娜，都银牌还是金牌[偷笑R]真是超标，我平常都不玩射手的[偷笑R][偷笑R]
1178	xiaohongshu	2026-08-06T15:37	2	实在想不出为什么你游会很多人说坦克强，能玩的坦克也就三个，关羽蒙恬猪，甚至只有蒙恬比较传统坦克，当然也只是相较另外两个
1179	xiaohongshu	2026-08-06T15:58	11	和游射比机动性不足，和呆射比伤害刮痧，目前没有看到亮点
1180	xiaohongshu	2026-08-06T16:39	1	礼貌问下巅峰赛多少分的局呀[doge]
1181	xiaohongshu	2026-08-06T17:20	1	本质装备系统问题太大，你看看lol里战士会出一堆肉装吗
1182	xiaohongshu	2026-08-06T17:36	14	这里面除了女娲其他几位一旦逆风几乎无法翻盘。
1183	xiaohongshu	2026-08-06T19:03	1	多几个控制不就好了
1184	xiaohongshu	2026-08-06T19:10	1	武则天为啥后期老被翻盘啊！[哭惹R]我都要疯了 前期打的可好了 大招还一直帮控制
1185	xiaohongshu	2026-08-06T20:14	1	以前的权一打五[捂脸R] 自从大招能被打断 现在胜率感人 五五开多一点
1186	xiaohongshu	2026-08-06T20:41	0	Ben原因： 米莱迪-偷家 妲己-太多人玩，而且菜
1187	xiaohongshu	2026-08-06T21:48	1	前期你们四打一孙权，后期孙权一打五，没吹，是真的能一打五[流汗R]而且特别是在自家守水晶的时候，如果自己队友全部掉点，孙权二技能拉扯，然后都半血了之后他一个大招进场，你们谁也躲不掉，那种看对面控制多带净化的最精了
1188	xiaohongshu	2026-08-06T21:54	42	王者荣耀你真的太偏爱王昭君了 啥都给她好 今晚打巅峰赛真给我打闷住了[完啦R] 我玩铠打野，本来大招一开准备冲进去切对面后排。结果对面王昭君直接往团战中间放大招。 我开大一头扎进大招圈子里，本来就没位移，减速直接把我黏得迈不动腿，对面小卤蛋输出空间巨好…想往前切人挪不动，想往后撤又不甘心，就在圈里面原地来回磨蹭，一身爆发完全打不出来。走位稍微一马虎，直接被二技能冻在原地罚站，瞬间半血直接蒸发。 而且，不止是我难受。射手是后羿，站在后面想输出，不敢往前跨一步，往前凑就要吃大招减速，根本找不到输出角度；就连我们家牛魔想开团，也不敢直接往里面冲，一进去直接被减速拉扯，开团根本开不起来。 龙坑、高地门口随便往下一丢大招，我们一整队全被卡死，根本没法往里推进。重点是她还不需要多高经济，装备平平常常就能做到这种效果，加上冰霜法杖更是如此。我好不容易找机会绕后，一个大招直接把我进场节奏全部废掉。 不是说完全打不了，但是这种一身力气无处施展的憋屈感真的很难受。想问下大伙，王昭君现在真的不需要稍微削弱一下吗？有没有玩笨重阵容被她狠狠折磨过的？ #王者[话题]# #王者匹配机制[话题]# #王者荣耀排位[话题]# #王者日记[话题]# #巅峰赛[话题]# #排位赛[话题]# #王昭君[话题]# #王昭君削弱[话题]# #王者[话题]# #王者dd[话题]#
1189	xiaohongshu	2026-08-06T22:00	438	你昭君奶奶都削成辅助了，再削就真就路边一条了
1190	xiaohongshu	2026-08-06T22:01	0	不要让我遇到你，孙权真的不强，你再多来几个控制好了，比如说妲己，小乔，你可以来个墨子或者说。或者说王昭君啊
1191	xiaohongshu	2026-08-06T22:48	1	辅助其实很弱，对抗路比较厉害，可以出输出也可以纯肉
1192	xiaohongshu	2026-08-06T22:54	0	卢亚娜上线正式服，怎么感觉伤害好拉啊[抠鼻R][抠鼻R][抠鼻R]
1193	xiaohongshu	2026-08-06T22:55	1	机制有点超标，遇到这个只能掏出狄仁杰或者虞姬
1194	xiaohongshu	2026-08-07T00:05	0	海月就是更超标啊，没有说关羽不超标的意思，一个t-1一个t0
1195	xiaohongshu	2026-08-07T07:57	2	完全不超标，前期特别弱，对戏压力巨大
1196	xiaohongshu	2026-08-07T08:13	0	又脆又没伤害
1197	xiaohongshu	2026-08-07T08:49	2	哪吒白起影六耳都在说很强，有没有玩过的来说说谁最值得练，选英雄选到头疼了#王者荣耀[话题]# #s44赛季[话题]# #版本之子[话题]##上分[话题]#
1198	xiaohongshu	2026-08-07T08:54	0	卢亚娜
1199	xiaohongshu	2026-08-07T08:55	0	元法[回招呼]
1200	xiaohongshu	2026-08-07T10:49	12	我认为射手的定位就应该是刀剑舞者，极致的输出+脆弱的身板才对，然后如果能把控好距离+注意走位，就能够实现“我打得到你，你打不到我”。我能够接受射手被刺客和战士贴脸后打不过甚至被秒，但是刺客和战士贴脸的成本可以高点吗？现在新出的英雄里各种位移技能，反而是射手没几个有位移的，太轻松的就能贴脸射手，然后贴脸就被秒。甚至，甚至，像廉颇这样的辅助，出全肉说不定都能单杀没有位移的射手[石化R]
1201	xiaohongshu	2026-08-07T10:58	0	扫码海月，本来就是超标阴间结果还能加强，为了卖皮肤演都不演了[黄金薯R]
1202	xiaohongshu	2026-08-07T12:24	0	想问下瑶为什么ban率也这么高啊？
1203	xiaohongshu	2026-08-07T12:44	0	技能都是无法选中[笑哭R]
1204	xiaohongshu	2026-08-07T12:46	1	对抗路兵线经验多一些经济少，数值没了那还能干嘛
1205	xiaohongshu	2026-08-07T15:16	0	为什么嬴政和安吉拉在比赛经常能见到
1206	xiaohongshu	2026-08-07T15:19	78	新英雄仅仅一天就登顶T0强度 #王者荣耀创作激励活动[话题]# #峡谷绝活大赏[话题]# #安杰说游戏[话题]#
1207	xiaohongshu	2026-08-07T15:30	0	卢亚娜大招是飞行物吗？
1208	xiaohongshu	2026-08-07T16:10	1	防御塔感受到我的来临直接爆炸了 绝对跟超级兵没关系 #王者荣耀[话题]# #王者[话题]# #辅助[话题]# #超极限乱斗[话题]#
1209	xiaohongshu	2026-08-07T16:11	0	额……每个英雄都有自己最超标时期[doge][doge][doge][doge][doge]，不可能一直超标的。
1210	xiaohongshu	2026-08-07T16:13	0	手短
1211	xiaohongshu	2026-08-07T16:23	6	S44对抗路梯度排行｜8.6最新版上分首选✨ 对抗路玩家速存！最新版本全英雄强度分级，选对英雄赢一半～ 🔥T0超标天花板｜元歌/马超/哪吒 新装备加持直接质变，开大拉扯拉满，妥妥版本数值怪，拿到就是优势局 ⚡T0.5非ban必抢｜司空震、关羽 影刃加强后司空震攻速移速双加成，持续输出爆炸，强度无限贴近T0梯队 ✅T1强势上分梯队 全是当前版本上分黑马，新英雄六耳对半肉克制力拉满，对线轻松单杀对手，冲分首选池在这里 🎯T2特殊阵容特化英雄 吃阵容搭配+个人手法，绝活哥可以乱杀，普通玩家慎 S44对抗路梯度排行｜8.6最新版上分首选✨ 对抗路玩家速存！最新版本全英雄强度分级，选对英雄赢一半～ 🔥T0超标天花板｜元歌/马超/哪吒 新装备加持直接质变，开大拉扯拉满，妥妥版本数值怪，拿到就是优势局 ⚡T0.5非ban必抢｜司空震、关羽 影刃加强后司空震攻速移速双加成，持续输出爆炸，强度无限贴近T0梯队 ✅T1强势上分梯队 全是当前版本上分黑马，新英雄六耳对半肉克制力拉满，对线轻松单杀对手，冲分首选池在这里 🎯T2特殊阵容特化英雄 吃阵容搭配+个人手法，绝活哥可以乱杀，普通玩家慎优先拿 📉T3强度偏弱、T4版本弃子 前期乏力、节奏跟不上版本，高分段很难打出压制力，尽量避开 对抗路大家最近最爱玩哪个英雄？评论区聊聊～ #王者荣耀[话题]# #王者S44赛季[话题]# #对抗路[话题]# #王者上分攻略[话题]# #王者英雄梯度[话题]# #王者荣耀攻略[话题]# #上单玩法[话题]#
1212	xiaohongshu	2026-08-07T16:41	0	李信T3，up绝对不玩游戏
1213	xiaohongshu	2026-08-07T17:30	126	S44赛季全英雄梯度排行（英雄强度） 版本核心问题总结： 相对旧版本抬边轴削弱中轴，但并不意味着中轴不重要，现版本改动导致每个分路权重都提高了，更吃团队配合英雄强度和阵容强度。 1. 平衡策略取巧：通过体验服加代价，正式服取消的方式博取好评，对英雄调整常削强补弱，加强设限，并对个别英雄（如空空儿）有明显偏爱。 2. 无象神器矛盾：作为限时玩法却严重冲击平衡，强度不均（法师＞战士＞坦克＝法辅＞射手＝刺客），导致部分英雄（如武则天，弈星，扁鹊等）对其产生依赖，移除后可能变弱。其设计也与部分英雄机制不匹配。 3. 装备体系混乱： 法装僵化：装备间难以替代，灵活性差。 肉装超标：核心原因是二级装备过强，且红刀出肉等混乱出装是旧版统一度量衡改动遗留问题。 个别装备异常：如影刃属性显著超标。 4. 机制投放泛滥：传送技能过于普及，降低了游戏掉点的代价，破坏了原有的节奏与风险收益逻辑。 5. 英雄处境分化：部分英雄（如镜、元歌）因自身机制强，随时可能回归巅峰；而另一些（如李元芳、呆射、王昭君）则受困于数值或版本环境，难以翻身。 简言之：版本通过取巧的平衡和限时强力装备（无象神器）制造短期变化，但核心的装备体系僵化、历史遗留的数值问题以及战略机制（传送）的泛滥，才是影响游戏长期健康与体验的根本矛盾。 数据出自：若要乘风起 #王者荣耀[话题]# #王者新赛季[话题]# #英雄强度[话题]# #英雄强度排行[话题]# #王者[话题]# #s44赛季[话题]# #新赛季英雄强度[话题]#
1214	xiaohongshu	2026-08-07T17:31	1	推荐拿t2以及t2以上的英雄上分，t2以下的尽量看阵容后手出
1215	xiaohongshu	2026-08-07T17:33	0	盾山海月新晋超标行列
1216	xiaohongshu	2026-08-07T17:38	1	伽罗t3?
1217	xiaohongshu	2026-08-07T17:42	4	现在发现确实有点弱。。还不如直接玩蒜香和狼狗
1218	xiaohongshu	2026-08-07T17:50	1320	体验服传送迎来史诗级削弱 #王者荣耀[话题]#
1219	xiaohongshu	2026-08-07T20:19	350	我寻思这东西强吗，我都没想过他会被削弱[黑薯问号R]
1220	xiaohongshu	2026-08-07T20:23	679	超极限狂潮大家试了吗，什么英雄最爽 爽到了不要藏着，快快分享出来[暗中观察R]#王者荣耀[话题]# #超极限狂潮[话题]# #唤醒我的峡谷时刻[话题]# #极致游戏体验[话题]# #打游戏[话题]#
1221	xiaohongshu	2026-08-07T20:28	39	📢新英雄｜卢雅那上线到底有多离谱～ 卢雅那出装以及打法思路～T0射手上线。#王者荣耀[话题]# #夏日农友节全员集结[话题]# #农友票选英雄卢雅那[话题]# #张大仙[话题]#
1222	xiaohongshu	2026-08-07T20:33	0	1
1223	xiaohongshu	2026-08-07T20:53	0	这个英雄一出嬴政不是史诗级加强吗？
1224	xiaohongshu	2026-08-07T21:19	52	新英雄卢雅那仅上架1天，就成为S44首位“射 新英雄卢雅那到底超标不超标？ #王者荣耀[话题]# #王者荣耀热门[话题]# #王者荣耀攻略[话题]# #游戏热门[话题]# #游戏攻略[话题]# #热门[话题]# #王者S44新赛季[话题]# #夏日农友节[话题]#
1225	xiaohongshu	2026-08-07T21:55	561	加强昭君啊，加强昭君啊
1226	xiaohongshu	2026-08-07T22:05	0	我喜欢ban西施，会玩的西施真的阴
1227	xiaohongshu	2026-08-07T22:21	9	我靠，那传送保兵防主宰先锋的玩法不是没了[石化R]
1228	xiaohongshu	2026-08-07T22:23	1	把大招的无法选中改成霸体加减伤就可以了
1229	xiaohongshu	2026-08-07T23:01	43	能不能削弱传送对抗啊，传送对抗吃中线中路都不用打了
1230	xiaohongshu	2026-08-08T00:45	77	武则天命中加法强，后期外面都是神仙打架，靠近容易蒸发，直接在泉水大招好了就放，输出最高而且很安全[棒R]
1231	xiaohongshu	2026-08-08T02:37	0	玩了，，好弱啊，，
1232	xiaohongshu	2026-08-08T05:23	0	弱得要死这射手
1233	xiaohongshu	2026-08-08T05:33	0	肯定海月 源哥啊[偷笑R]
1234	xiaohongshu	2026-08-08T06:58	1	kpl可以用无象
1235	xiaohongshu	2026-08-08T09:33	35	8月上分速存！王者荣耀英雄强度排行榜 2026年8月王者荣耀最新全段位实测英雄梯度排行榜 T0：闭眼锁，版本强势天花板 T1：上分优选，容错率在线 T2：本命可玩，上限看操作 T3：版本偏弱，慎选 T4：环境劣势，排位避开 冲星存图备用，排位选英雄不用纠结 数据来源：王者官方8月7日发布 #王者荣耀[话题]# #英雄推荐[话题]# #上分攻略[话题]# #排位[话题]# #英雄强度排行[话题]#
1236	xiaohongshu	2026-08-08T10:57	0	132好一点
1237	xiaohongshu	2026-08-08T10:58	228	都来欣赏我的飞天大猫！！给到夯！ [视频] 16s
1238	xiaohongshu	2026-08-08T11:41	216	王昭君的二技能生效时间够你从这个圈的一端走到另一端了
1239	xiaohongshu	2026-08-08T12:26	8	我们这阵容会不会有点太弱势了#王者荣耀[话题]# #弱势英雄[话题]#
1240	xiaohongshu	2026-08-08T12:30	1	想要几分自己填（
1241	xiaohongshu	2026-08-08T16:55	1	玩美了吧 对面野区还剩啥[doge]
1242	xiaohongshu	2026-08-08T17:12	3	8月游走T度排行，罕见7位T0大爹同框 #王者荣耀[话题]# #王者荣耀[话题]# #荣耀萤火计划[话题]# #辅助[话题]# #排位[话题]#
1243	xiaohongshu	2026-08-08T17:23	63	版本T0中单嫦娥 全剧实况讲解 #我的王者高光解说台[话题]# #王者荣耀[话题]# #嫦娥[话题]# #王者荣耀热门[话题]# #王者荣耀嫦娥教学[话题]#
1244	xiaohongshu	2026-08-08T18:20	7	朵莉亚和瑶 超级好玩 朵莉亚选抗伤和治疗那个 瑶选技能命中和法伤[doge] [视频] 30s
1245	xiaohongshu	2026-08-08T18:25	10	S44赛季辅助梯度榜｜上分辅助直接抄作业 S44赛季最新辅助梯度排行新鲜出炉，玩辅助的姐妹直接对照选英雄，冲分少走弯路！ T0断层强势：少司缘、盾山、元流之子，这三位当前版本机制无解，不管单排还是组队都能乱杀，拿到基本稳一半。 T0.5顶级梯队：大乔、苏烈、杨玉环、大禹，开团、续航、拉扯能力拉满，适配绝大多数阵容，容错率超高。 T1人上人老牌硬辅，张飞、鲁班大师这类经典辅，熟练度够依旧能carry全场。 T2属于常规NPC英雄，功能全面但上限偏低；T3强度疲软，只适合娱乐局；T4慎选，当前版本很难发挥作用。 上分优先冲T0/T0.5，匹配排位无脑拿，避开T4踩坑！不同分段适配思路也给大家捋清，软辅硬辅按需挑选，辅助玩明白也能轻松带飞全队。#王者荣耀s44赛季[话题]# #辅助梯度排行[话题]# #王者上分攻略[话题]# #王者辅助推荐[话题]# #王者荣耀[话题]# #王者荣耀上分[话题]##新赛季[话题]##辅助[话题]##王者荣耀排位[话题]#
1246	xiaohongshu	2026-08-08T18:31	15	瑶就是几乎0作用的辅助 （二编:我是标题党别打我，忘了标签了。你喷你对哈仅个人观点 且不说那满天散普攻的2，没伤害就算了还抢头。作为一个软辅，保人只有一个一的控就弹一下和小乔一扇直接掉的盾量，被打下来就是给对面送双杀。 回血是没有的（没记错的话应该是唯一不能回血的软辅了）再说视野，现在大多射手的探草能力都跟要的一没区别了。 对线期瑶跟着射手被完全压制，甚至不如射手窝塔下抗压（哦这里特指某些小公主把线卡塔外哈，出塔吃还得被消耗状态）顺风局还说说，逆风局0作用，况且瑶能顺风的局换个辅助早赢了。完全没容错的辅助到底是谁在玩。。 别跟我杠说瑶能吃控哈，就你那n年一个的被动和刷出来的点点盾有啥用，你是觉得这点血别的辅助回不上来还是没有治疗术。硬辅直接扛了哈。 试问所有强势辅助都吃熟练度吗？，相比其他位置辅助到底哪里吃操作了。。觉得桑启缘神难拿大禹盾山张飞啊。 我都打巅峰了肯定想赢啊，强势辅助拿出来都舒服不坐牢爽赢不好么？ 回应plq:补一句，就是我认为你不要拿那个小代打瑶的事例来说哈。因为你比较这个瑶的强度至少应该要在水平相同的情况下比较吧。毕竟达不到人人都是小代水平，你这个情况举的有点太小众了。我个人感觉肯定还是要根据大众的水平来举例子呀。 然后还有一点就是说为什么不去说其他位置拿下水道只说瑶，可能我这篇笔记后面没有讲清楚，但是我的意思是说，既然辅助是一个不怎么吃操作的位置为什么不去选一个更强势的辅助打出优势呢。你要是说其他位置英雄练起来可能要吃熟练度或者啥的你不会，我倒也不是完全不能理解吧。。。 哦那你打标这个确实是没有办法，我只能说确实佩服，拿这个英雄打巅峰属实吃苦。这就是厨子的力量吗？（本帖主要讨论纯想上分的玩家拿瑶 #瑶瑶公主[话题]# #王者荣耀辅助[话题]# #王者匹配机制[话题]# #王者[话题]# #王者荣耀上分[话题]# #标题党致歉一切[话题]#
1247	xiaohongshu	2026-08-08T18:37	91	可以联名千万人书让小王删掉这个英雄的，这样就遇不上了
1248	xiaohongshu	2026-08-08T19:06	65	削弱王昭君都来了
1249	xiaohongshu	2026-08-08T19:42	0	什么克制嫦娥啊
1250	xiaohongshu	2026-08-08T19:57	2	辅助太难了 可能前期射手弱势 想跟一下他让他好好发育一下 打野前期杀很多人 有经济优势 但就是不开龙 一直让对面开 我只是跟他说开龙 因为已经到中期了 他还想一打3（六耳）死了会被说一直跟射手连体 ，不跟射手（完全是因为其他路已经被3.4个人越塔想去帮一下）射手自己跟对线单挑被杀就开摆 要么就是还有其他路帮射手说话保护好他 打团肯定保射手啊 辅助太难了 跟射手是错的 出去开节奏是错的 赢了说辅助是混 输了说都怪辅助选的辅助不对 呵呵哒 合着谁死了都赖辅助#王者荣耀[话题]#
1251	xiaohongshu	2026-08-08T20:00	0	但凡你让我经济1号位，我能给你打40输出[笑哭R]，前期拿一血基本上10分钟就能碾压对面经济了
1252	xiaohongshu	2026-08-08T21:15	0	提问 公孙离二技能可以抵挡环刃和火蛇吗？既然宫本可以
1253	xiaohongshu	2026-08-08T22:32	0	？？15级打2级伤害可不是高么[doge]
1254	xiaohongshu	2026-08-08T22:59	0	怎么没有听到女朋友声音了
1255	xiaohongshu	2026-08-08T23:19	0	【王者荣耀送新史诗皮肤】好农活!价值611农友钱，复制粘贴这条口令接取：CAEWMZ，好农友一起拿皮肤！
1256	xiaohongshu	2026-08-09T00:30	1	大招还能移动施法。。。太强了
1257	xiaohongshu	2026-08-09T02:45	1	强度是够的，但挺容易被反制。没到超标的地步。手太短，对面选个长手法师，还没摸到就已经残了。
1258	xiaohongshu	2026-08-09T03:00	5	感受一下光线从膝盖发出来的迪迦 [视频] 14s
1259	xiaohongshu	2026-08-09T03:58	0	啥野榜啊
1260	xiaohongshu	2026-08-09T05:17	148	王者超极限狂潮，哪个英雄最超标啊？ 看别人玩又肉又有伤害，真是被打哭了 #王者荣耀[话题]# #超极限狂潮[话题]# #王者娱乐模式[话题]# #王者荣耀组队[话题]# #唤醒我的峡谷时刻[话题]# #王者匹配机制[话题]# #王者[话题]#
1261	xiaohongshu	2026-08-09T06:31	0	美团住宿取消太多导致不能购买
1262	xiaohongshu	2026-08-09T08:41	0	老夫子已经T3
1263	xiaohongshu	2026-08-09T10:02	114	建议把朵莉亚增强到这个强度 我要笑死了这个豆包#王者荣耀[话题]# #朵莉亚[话题]# #豆包[话题]# #AI新手村[话题]#
1264	xiaohongshu	2026-08-09T11:46	0	关羽？
1265	xiaohongshu	2026-08-09T11:57	0	我踏马撕烂这个视频
1266	xiaohongshu	2026-08-09T12:04	0	卢亚娜在哪里
1267	xiaohongshu	2026-08-09T12:15	9	还有人记得亚连吗？ 曾经的帅气双刀边路，现在妥妥版本下水道。 没伤害、没续航、没容错，对线全线弱势，全程冷板凳无人问津。 体验服的加强搁置无数个赛季，画饼从不兑现，半点实质调整都没有。 反观皮肤返场勤快得离谱，#落雪白狼[话题]# 反复返场割韭菜。 策划只捞钱不做平衡，完全不管老玩家的体验。 真心喜欢的玩家一直被消耗，不加强真的不如直接删掉🙏 #王者荣耀[话题]# #对抗路的压迫感[话题]# #亚连[话题]# #亚连增强回退[话题]#
1268	xiaohongshu	2026-08-09T12:35	2	我现在唯一的念想就是刀锋宝贝上线，亚连可能出情皮加强，或者桐人皮肤上线，亚连能被加强，其他原因基本不可能加强或者出高品质皮肤了[捂脸R]
1269	xiaohongshu	2026-08-09T12:44	0	@王者荣耀
1270	xiaohongshu	2026-08-09T12:55	2	海月必须前期就打出优势，女娲后期是真神。沈梦溪现在感觉好弱。嫦娥低端局别玩。武则天没有[捂脸R]
1271	xiaohongshu	2026-08-09T13:14	0	一直在欺负嫦娥玩家[捂脸R]
1272	xiaohongshu	2026-08-09T14:07	19	遇到厉害的打野会要求你拿瑶，不厉害的你拿牛魔也不赢
1273	xiaohongshu	2026-08-09T14:09	6	咋感觉又是削弱貂蝉
1274	xiaohongshu	2026-08-09T14:48	61	陈都灵角色增强方案 #陈都灵[话题]##角色增强[话题]##王者荣耀[话题]##新赛季超标角色[话题]#
1275	xiaohongshu	2026-08-09T15:15	0	现在伤害比以前低，辅助的话，之前技能跟额外血量有关系，现在改成额外攻击了
1276	xiaohongshu	2026-08-09T15:35	4	我Lv6了，表示大司命，马超，孙权，这三个是我玩过最爽的，随便游龙
1277	xiaohongshu	2026-08-09T15:37	1	全王者最牢英雄
1278	xiaohongshu	2026-08-09T16:24	0	我现在基本都中开 跟射手纯坐牢 四处游走
1279	xiaohongshu	2026-08-09T17:16	42	想打个标发现还有被挂的风险 瑶玩家就这样命苦
1280	xiaohongshu	2026-08-09T19:46	4	iq榜上最强的纯绿射！ 要不是iq实在排的太慢，这周已经2w分了 (大概2小时进一局，匹配机制优先排本区的人，iq高分玩家基数比aq少太多) #公孙离[话题]# #孙权[话题]# #熬隐[话题]# #戈娅[话题]#
1281	xiaohongshu	2026-08-09T19:51	2	可以试试伽罗，选射程和攻速都挺不错的，叠层方式选普攻命中或者击杀小兵，一百多层的射程就已经很远了，要是再接着叠可以参考下方的虞姬 [视频] 29s
1282	xiaohongshu	2026-08-09T20:30	0	貂蝉真能上T1吗？
1283	xiaohongshu	2026-08-09T20:33	0	已绝望，现王者14星，我打辅助的 喜欢瑶这种软辅的可以来找我打了，我真的要打哭了。。。。
1284	xiaohongshu	2026-08-09T20:35	0	全星段4快一星，陪玩25一小时，可指定英雄，板板需要吗，看我主页信誉图，上分没烦恼，绝对暴力炸
1285	xiaohongshu	2026-08-09T20:37	0	宝宝你懂我。。。。
1286	xiaohongshu	2026-08-09T20:41	2	记录一下😂 10连胜太爽了，但是不敢继续打了哈哈哈哈 #浅浅的记录一下[话题]# #王者荣耀[话题]# #随便玩玩啦[话题]# #今天就这样吧[话题]# #我现在强得可怕[话题]# #啥也不说了[话题]#
1287	xiaohongshu	2026-08-09T20:43	0	我掉了100分，是不是你偷走了我的人生[偷笑R][偷笑R][偷笑R][偷笑R][偷笑R]
1288	xiaohongshu	2026-08-09T20:47	0	基本都禁，不是这个英雄强才禁的，而是动不动就给一炮才禁的[笑哭R]
1289	xiaohongshu	2026-08-09T20:48	1	这不是天杀星神打的吗 你们家打手吗这是
1290	xiaohongshu	2026-08-09T21:16	0	空空儿现在还有0.5的强度吗
1291	xiaohongshu	2026-08-09T21:38	4	孙膑零基础万战✔️弱势英雄就这样万战省四 还不够小缘省百上榜分 我们孙膑就这样美美省前十#王者[话题]# #王者荣耀上分[话题]# #国服[话题]# #辅助[话题]# #王者日记[话题]# #软辅也是辅[话题]# #王者匹配机制[话题]# #王者荣耀辅助[话题]# #原来你也玩王者[话题]#
1292	xiaohongshu	2026-08-09T21:40	40	冠军队太强了！！！ 第一次追线下就这么爽。 而且还和冠军队以及子默合影✌🏻 #冠军队[话题]# #王者荣耀主播联赛[话题]# #王者荣耀小李[话题]# #风月晚暮[话题]#
1293	xiaohongshu	2026-08-09T21:44	0	1900分以上咋玩啊
1294	xiaohongshu	2026-08-09T21:47	0	娃都打红温了[猪头R]
1295	xiaohongshu	2026-08-09T21:52	0	太感动了
1296	xiaohongshu	2026-08-09T21:53	0	今天其实运气很好，最后几个签到名合照，虽然有点潦草，然后还拿了冠军。签名的最后跟lsl喊了一句lsl天天开心，lsl应该听见了嘿嘿，希望lsl天天开心！！！
1297	xiaohongshu	2026-08-09T23:49	5	瑶+技能打到人＋增强法伤爽完一整局 增强法伤这个buff自带斩杀，一整局都在拿人头，队友说我开挂了笑死[笑哭R]，挂别人头上不停放小技能，叠的飞快，爽哉爽哉#王者荣耀[话题]#
1298	xiaohongshu	2026-08-10T03:22	0	太强了#国服[话题]# #王者匹配机制[话题]#
1299	xiaohongshu	2026-08-10T05:50	39	HoK策划偏心打野到没底线 王者荣耀国际服不公平机制长期不管，国际服镜镜像可以双惩机制完全破坏公平 随便抢龙 反野抢buff自带双重保障 其他打野拼惩全靠运气，而霏却不需要运气 只需要手法3技能稳稳抢龙，一点游戏博弈都没有。。王者荣耀（国服）都意识到这个机制离谱 虽然卖完皮肤才修改 国际服霏到现在都不调整关键是还“““加强”””重点在下文..2 暃大招玉化锁血抢龙机制打龙阶段触发玉化直接锁血对面爆发再高都抢不过龙，整局节奏全掌握在打野手里，没有任何反制这个手段的手段 营地数据离谱 hok里的最高峰了。 2.（非常重点） 国服完全没有的巨额数值加强，专门倾斜给打野暃 我看了国服所有的霏官方调整记录，都没找到这字数值增强 国际服给暃远程强化普攻数值巨大提升 基础伤害37.5涨到50、等级成长7.5提升至10，额外物理攻击加成10%上调13%，整套伤害直接提高了将近一半？？我从未见过如此离谱的高额纯数值加强，没有附加任何负面削弱 即使没加强前也是超标. 这还不算完 国际服后续又额外给暃一技能冷却从7.5秒砍到6.5秒？？国服暃一技能从来没有过减cd这一项加强过 而国际服连续两次（策划专属）加强硬生生把本身T0打野加强到T负2打野 简直是公平竞技 #王者荣耀国际服[话题]# #暃[话题]# #honorofkings[话题]# #打野[话题]#
1300	xiaohongshu	2026-08-10T06:55	0	亚连比吕布强多了，吕布哪怕附魔了，对着砍也砍不过，大招百分百被亚连躲
1301	xiaohongshu	2026-08-10T07:14	7	反正HOK用这俩的绝活哥本来就不多，碰到就当倒霉了，早点结束开下一把
1302	xiaohongshu	2026-08-10T07:53	12	我们艾琳苍龙人公孙离元射蚩姹玩家就这样美美隐身，国服闹麻了，还是躲在国际服最自在～
1303	xiaohongshu	2026-08-10T08:51	3	明世隐真的，选出来输的概率达到80%
1304	xiaohongshu	2026-08-10T09:20	0	发育路元歌呢？
1305	xiaohongshu	2026-08-10T09:59	0	我还是那句话，觉得超标自己拿去上分
1306	xiaohongshu	2026-08-10T11:02	0	再烦也没我空空儿带斩杀烦[偷笑R]
1307	xiaohongshu	2026-08-10T12:44	7	甄姬技能命中加法强也好玩，二技能非常容易弹到人叠加层，打团就在后面疯狂一二技能弹，哪里有团就去哪里，昨天打了一把对面同时有巨大张飞，巨大猪和吸血东皇都被克制死了
1308	xiaohongshu	2026-08-10T12:51	5	希望大家如实评论 不要违心 不要串真的我求 大家觉得澜超标吗？[哇R] #王者荣耀[话题]# #王者荣耀全国大赛[话题]# #澜[话题]# #巅峰赛[话题]# #排位赛[话题]# #王者dd[话题]# #王者匹配机制[话题]# #王者澜[话题]# #打野[话题]#
1309	xiaohongshu	2026-08-10T12:52	0	不超标 我朋友玩菜的要死[doge]
1310	xiaohongshu	2026-08-10T12:53	0	巅峰赛很久没见到了，不超标
1311	xiaohongshu	2026-08-10T13:00	12	女娲 这个我每局必ban的女人～ 别管了每次就是打不过这个女娲 自从改版之后已经ban了好几个赛季了 图纸老师@龍龍大王 #我染上了拼豆[话题]# #女娲[话题]# #王者荣耀[话题]#
1312	xiaohongshu	2026-08-10T14:00	0	你孙权哥哥丝毫不受影响，依旧12333[色色R]除了普攻受到影响之外，所有技能都不受影响
1313	xiaohongshu	2026-08-10T14:12	3	射手是公孙离，前期比较弱势，看到有网上的教学说前期比较强势的英雄可以帮助抢线，而且我去的就是发育路旁边的河道，看完对面是红开还是蓝开就去帮他了，对线的是后羿和朵朵，结果刚对线没2秒钟，他就闪对方防御塔里去了，问我为什么开局不帮抢线，站到龙坑那边干啥，我说我开视野呀，结果被射手说不会玩让我别玩了，还好有中路替我说话[皱眉R]爱你中路的小乔[萌萌哒R] 是钻石局，我刚玩一个月，玩的是少思缘，带的闪现和疾跑新泉，问我会不会玩？好吧，我确实不是很会啦，这个出装是从网上学的，还是刚刚那个问题啦，辅助开局应该去哪里呢 射手是公孙离，前期比较弱势，看到有网上的教学说前期比较强势的英雄可以帮助抢线，而且我去的就是发育路旁边的河道，看完对面是红开还是蓝开就去帮他了，对线的是后羿和朵朵，结果刚对线没2秒钟，他就闪对方防御塔里去了，问我为什么开局不帮抢线，站到龙坑那边干啥，我说我开视野呀，结果被射手说不会玩让我别玩了，还好有中路替我说话[皱眉R]爱你中路的小乔[萌萌哒R] 是钻石局，我刚玩一个月，玩的是少思缘，带的闪现和疾跑新泉，问我会不会玩？好吧，我确实不是很会啦，这个出装是从网上学的，还是刚刚那个问题啦，辅助开局应该去哪里呢？ 先叠一下啊[拔草R]我玩王者，刚开始玩的是射手，一直都是单排，而且很少有辅助跟我一个人在发育路玩的很坐牢，那个号玩到钻石之后又重新换了个号，想尝试一下玩辅助有什么感觉，因为我之前也玩过射手，所以我玩辅助的时候100%会去发育路的... 我开局的方式可能确实有问题，因为之前也有射手玩家问过我，乱跑什么[皱眉R][皱眉R][皱眉R][皱眉R]
1314	xiaohongshu	2026-08-10T14:15	1	你知道弱势的英雄如果没有辅助的话，可能一个兵都吃不到吗？
1315	xiaohongshu	2026-08-10T14:19	0	没啥问题 立马回来就行 本来也要龟缩
1316	xiaohongshu	2026-08-10T14:22	5	辅助是游走位 游走就是要走起来 谁有优势就帮谁不是非要和射手连体 段位高的射手看到辅助不来会默默抗压然后找机会打输出用他的优秀战绩勾引辅助
1317	xiaohongshu	2026-08-10T14:24	1	要看阵容的，开局看对面红开蓝开没问题，跟射手也没问题。但是要看具体情况
1318	xiaohongshu	2026-08-10T14:25	1	公孙离弱势但少司缘比较强势，可以先跟射手打对线试试，或者帮法师中开带法师下来顺便看一眼对面红蓝，不过钻石局的法师也不一定会跟你下去，对线后羿和朵朵的话我觉得除非对面后羿很菜一直吃技能被你踢再被阿离刮，不然也不是很好打。少司缘一般带闪现，公孙离带闪现有点多余了，加上心态这么差稍微没跟一下就爆炸，本来就不厉害也不是什么好鸟，顺风你跟它连体它应该不会说什么，逆风还是要挑刺。给它屏蔽了就好。
1319	xiaohongshu	2026-08-10T14:29	2	段位低的局还是开局根射手吧 感觉离开一会射手就要叫了[石化R]星耀以上可以考虑中开（开局站和自家打野相反方向的中路旁边的草丛）或者去看对面什么开
1320	xiaohongshu	2026-08-10T14:34	1	看完回来就行，低段位很多中路都不会支援或者看红蓝，所以你看了的话能对打野动向有一定掌握[大笑R]
1321	xiaohongshu	2026-08-10T15:16	12	二技能是个人都能躲掉 建议改成瞬发
1322	xiaohongshu	2026-08-10T15:31	0	单纯开视野没有意义，就算不偷对面的buff，至少得偷对面个小野
1323	xiaohongshu	2026-08-10T15:38	0	又削[黄金薯R]烦死了
1324	xiaohongshu	2026-08-10T16:16	7	一直都无法理解hok策划调整英雄是什么逻辑，蚩姹、镜这种强势的甚至还能纯加强
1325	xiaohongshu	2026-08-10T16:35	62	太强了 #王者荣耀[话题]# #王者[话题]# #聊天记录[话题]# #王者荣耀热门[话题]#
1326	xiaohongshu	2026-08-10T16:42	0	[呃R]
1327	xiaohongshu	2026-08-10T17:02	415	说白了只会弱势软辅的辅助不配打巅峰赛（点名瑶、朵莉亚、蔡文姬、明世隐、庄周和法辅王昭君） #王者荣耀[话题]# #巅峰赛[话题]# #王者荣耀巅峰赛[话题]# 二遍：不管什么分段，辅助的作用真的举足轻重，对局走向很大程度会被辅助的选择影响。 昨天玩百里守约打巅峰赛，不到4分钟队友吕布挂机，我们全程四打五，对面射手实力也很强。对面明世隐，我方钟馗，即便劣势巨大我们依旧多次打赢团战。 差距就体现在辅助的价值上：钟馗可以靠辅助装探视野、主动开团、承担伤害；反观明世隐，缺少视野、开团手段与硬控，面对突进几乎没 说白了只会弱势软辅的辅助不配打巅峰赛（点名瑶、朵莉亚、蔡文姬、明世隐、庄周和法辅王昭君） #王者荣耀[话题]# #巅峰赛[话题]# #王者荣耀巅峰赛[话题]# 二遍：不管什么分段，辅助的作用真的举足轻重，对局走向很大程度会被辅助的选择影响。 昨天玩百里守约打巅峰赛，不到4分钟队友吕布挂机，我们全程四打五，对面射手实力也很强。对面明世隐，我方钟馗，即便劣势巨大我们依旧多次打赢团战。 差距就体现在辅助的价值上：钟馗可以靠辅助装探视野、主动开团、承担伤害；反观明世隐，缺少视野、开团手段与硬控，面对突进几乎没有反制空间。 经常看到有人说低分段辅助没用，其实很好奇，部分对局里的辅助，是否真的尽到这个位置该做的职责。 不要只图自己玩得舒服完全不顾阵容，抱着混分心态打游戏，很拖累认真想上分的队友。也别用“实力够强就能带飞”，来为不合理的选英雄找借口。（图2.3为对局详情） —————————————————————— 还有评论里那些喜欢人身攻击开没素质黄腔的女生们，我自从发这个帖子从来没有对任何一个女生说过一个脏字开过一句黄腔，就算被那么多人骂我也没有说什么，希望你们积点口德好自为之吧。 感谢评论区理解我的朋友和持不同意见仍和我友好沟通的，祝你们上分越来越顺利。
1328	xiaohongshu	2026-08-10T17:08	0	海月确实超标啊，关羽强度也很高跟海月一个档次但很吃操作熟练度基本碰不到几个会玩的。但海月纯轮椅
1329	xiaohongshu	2026-08-10T17:17	354	呃我说实话 1600又不是什么高分局 爱拿就拿吧 曾在1600被朵莉亚加妲己打烂了这谁绷得住（叠甲本人1650本地人哈，软辅只玩小缘，战力是墨子大禹张飞，禁止一切扣帽子行为）
1330	xiaohongshu	2026-08-10T18:07	3	S44赛季，射手强度梯度排行！ 射手核心就是活着打输出，不要盲目追求打多少人头，优先保证自己少掉点。选英雄优先看两边阵容，T0、T0.5 能抢就抢，抢不到优先 T1 梯队，这些英雄容错高，适配大部分对局，单排稳定性最好。T2 不要先手选，等对面突进、控制选完再后手补位。T3 尽量留给绝活，普通玩家不要硬拿。 对线期不要无脑往前压，看不到对面中野视野，不要轻易过河道。兵线优先稳住，不要一味推塔，劣势就缩塔吃兵，优势可以适当拿河道小野，不要为了一个小野被抓死。三件套成型前，不要到处乱跑打架，以发育为主。 呆射一定要跟紧自家辅助，不要单独带线；游射可以适当转线吃经济，但时刻留意小地图。打团别第一个往前冲，站在队伍后排侧面输出，优先躲刺客和强开，不要一味追残血，保住自己才有持续输出。 逆风局不要乱接团，老老实实守塔刷经济，等队友找机会，不要强行出去打架送人头。当前版本暴击装备收益高，出装优先贴合版本，不要死磕老打法。玩射手记住，活着比人头重要，稳住发育，等装备成型，才是射手的上分核心！#上分如喝水[话题]# #新赛季[话题]# #王者荣耀热门[话题]# #梯度排行[话题]# #王者dd[话题]# #王者荣耀上分[话题]# #发育路[话题]#
1331	xiaohongshu	2026-08-10T18:16	4	朵莉亚不解释
1332	xiaohongshu	2026-08-10T19:03	0	哈哈哈哈哈好萌！
1333	xiaohongshu	2026-08-10T19:18	72	你应该分很低，高分这些辅助出来的就少了，就算是软辅也都是少司缘大乔这种，哦对了，高分段不止是辅助都拿强势的，其他位置也是强势英雄，不想碰到菜的就靠实力带飞打上去[笑哭R]
1334	xiaohongshu	2026-08-10T19:51	1	国际服本来就不是奔着竞技平衡去做的，人家国服有巅峰主播直播巅峰赛，职业打kpl，不平衡数值竞技玩家玩不了，国际服就没有这个考虑，数值随便填就行
1335	xiaohongshu	2026-08-10T20:01	67	真男人从不回头看爆炸 #真男人从不回头看爆炸[话题]# #王者[话题]# #王者荣耀[话题]# #高光时刻[话题]#
1336	xiaohongshu	2026-08-10T20:06	1	王者该ban的是弱势英雄吧[失望R] 王者该ban的是弱势英雄吧[失望R] 打完直接飙心率，感觉号变毒了，依旧一堆神秘弱势生物，全队只有我在想赢#王者荣耀[话题]#
1337	xiaohongshu	2026-08-10T20:08	0	沟通不了指挥不了，完全葫芦娃救爷爷，一个个去演戏吧，我反正给你们投一票，人机队友，我吃过的猪头肉都来转世报复我了[微笑R]
1338	xiaohongshu	2026-08-10T20:13	0	还不删小心被策划看到了[爆炸R]
1339	xiaohongshu	2026-08-10T20:15	1	只会瑶大乔孙膑桑启少司缘元辅大禹，这些我觉得够用了，而且这几个都挺强的，能玩的差我只能说有部分是个人问题了，打娱乐比坑队友强
1340	xiaohongshu	2026-08-10T20:25	19	虽然我玩软辅，但绝不玩弱的，我玩大乔元辅少司源大禹，这几个也要挑我真要说一句皇帝，实在需要后排的时候也能补个张飞牛魔，那种一上来就喊硬辅的几乎没赢过😂
1341	xiaohongshu	2026-08-10T20:31	12	对抗路大司命教学，对抗路唯一T0！ 对抗路大司命教学，对抗路唯一T0！ #王者荣耀
1342	xiaohongshu	2026-08-10T20:44	36	当前版本进场自保差，这次进行增强？
1343	xiaohongshu	2026-08-10T21:31	5	没错我又来了嗯最后一把有点强啊。简直是太强了。我们队连还手的机会都没有。
1344	xiaohongshu	2026-08-10T21:33	0	被发育路光信暴揍[抠鼻R]手没光信长伤害没光信高，就这个没位移的脆皮超标的话，应该先把光信削了
1345	xiaohongshu	2026-08-10T21:45	0	当看到能释放两个二技能，而是在不同的位置，我看成镜了
1346	xiaohongshu	2026-08-10T22:02	10	8.10王者对抗路英雄梯度排行 玩对抗路别总想着单挑杀人，兵线权、支援节奏远比单杀重要。选英雄优先看两边阵容，T0、T0.5 能抢就抢，抢不到优先拿 T1 梯队，这些英雄容错高，适配大部分对局，单排稳定性最好。T2 不要先手抢，等对面关键控制、突进选完再后手 counter。T3、T4 尽量留给绝活，普通玩家不要硬选。 对线期，没看到对面中野视野，不要无脑往前压，不要一味硬拼换血，能稳住补刀不被单杀就是小优。清完兵线不要死赖在线上，利用传送阵、河道灵，找机会支援中路或者帮打野控龙入侵，不要做单机边路。 战边多找机会切后排或者打拉扯；坦边就老老实实扛伤害，负责开团、保护自家 C 位。带线型英雄，带线的时候一定要看小地图，对面多人来抓就立刻跑，不要贪塔。打团不要盲目冲进去乱开，分清自己的任务，是抗伤还是切后排。 逆风局不要无脑硬拼，老老实实守塔吃经济，等待队友找机会，不要盲目出去打架送人头。不用练一大堆英雄，吃透两到三个版本适配的本命，熟练度上来，上分效率会高很多。对抗路赢游戏靠的是带动全队节奏，而不是线上打多少个单杀。#王者荣耀工作室[话题]# #清晨电竞[话题]# #梯度排行[话题]#
1347	xiaohongshu	2026-08-10T22:02	16	天天辅助先上辅助先上，反制位净藏弱势英雄。问他这个英雄有什么用跟你说就会这个[黑薯问号R]打完点开一看还真就会一个，战力过4000的才俩？你那个分路会的英雄还没我多你藏啥呀？这种人后手选的意义到底是啥？ #王者荣耀[话题]#
1348	xiaohongshu	2026-08-10T22:05	0	队友巅峰赛十楼出云中君[笑哭R]打得一坨没话说
1349	xiaohongshu	2026-08-10T22:41	0	[捂脸R]射手给我删了得了
1350	xiaohongshu	2026-08-10T23:01	0	我一个王菲的都绷不住的，本来够超标的，还要再把CD减一下。之前还没什么人玩，现在把把不是选就是禁。
1351	xiaohongshu	2026-08-10T23:41	2	光速踢[doge] [视频] 19s
1352	xiaohongshu	2026-08-11T00:20	2	一千六分段嘛？这个分段爆雷率真的很高，不上不下的。你可以冷处理一段时间再玩，或者换个分路会好点。因为低分段的队友很难沟通好的。
1353	xiaohongshu	2026-08-11T02:20	1	少司缘小国1w6上榜，澜大国1w5[笑哭R]
1354	xiaohongshu	2026-08-11T03:31	3	我有的时候真无助，我一楼元辅，对抗来个李信，打野玩玄策，射手一直要最后出，然后掏出一个马克，开局我帮打野看野区守野区马克还说我不帮他，我真的好绝望
1355	xiaohongshu	2026-08-11T07:08	1	我是对面真六分投了，今天有一把我家，我杨玉环，射手孙权，辅助钟馗，打野米老鼠，对抗老布，这种阵容居然追着对面大司命艾琳海月打真的好难绷（对面中单不会玩）
1356	xiaohongshu	2026-08-11T07:59	0	夏侯？
1357	xiaohongshu	2026-08-11T08:29	0	海月拉完了，又得吃经济还得靠队友，玩了几把就不玩了，感觉跟陷阱一样，本质还得要看队友，逆风就是一个区
1358	xiaohongshu	2026-08-11T08:31	56	有些人最喜欢说“厉害的人不在意队友玩不玩软辅”，其实是炸鱼的人才不在意，那些人在自己巅峰的分段排到一个瑶一样直接红温你信不信[笑哭R] #软辅[话题]# #王者荣耀[话题]# #辅助[话题]# 叠甲，本人只玩强势英雄，而且其实不歧视软辅，单纯看风气不对[微笑R]从来不是“歧视软辅”，而是弱势的英雄拿出来让队友胜率下降，所以才说你们[微笑R]
1359	xiaohongshu	2026-08-11T08:53	0	那么厉害吗？那我也要练试试，暃这么玩呀？
1360	xiaohongshu	2026-08-11T08:57	3	但是我觉得厉害的还是能赢，我看2100，也有选瑶的，上单是元歌，打野马超，就没有肉，最后也赢了
1361	xiaohongshu	2026-08-11T09:18	50	说真的，挺佩服一直玩瑶的玩家，我玩瑶都要憋屈死了，要抗伤没抗伤，要治疗没治疗，要伤害没伤害，最后看着队友一个个死去，什么都留不住……
1362	xiaohongshu	2026-08-11T09:22	51	说白了厉害的这仨字就等于炸鱼，在自己的分段谁能百分百游龙
1363	xiaohongshu	2026-08-11T09:23	0	现在只能脚下放大[笑哭R]，打近身的，原处的叠不了被动就是刮痧
1364	xiaohongshu	2026-08-11T09:36	12	我只在对抗是李信貂蝉海诺的时候玩瑶，因为这仨在对抗和瑶一个档次，等输
1365	xiaohongshu	2026-08-11T09:38	0	从来没玩过打野的看队友天天用暃拿3s都想去玩了[笑哭R]
1366	xiaohongshu	2026-08-11T10:16	0	6
1367	xiaohongshu	2026-08-11T10:46	1	预选黄忠让辅助上，上了，对面墨子王昭君，他还是出黄忠[笑哭R][笑哭R][笑哭R]
1368	xiaohongshu	2026-08-11T11:05	1	王者荣耀当短剧使了[捂脸R][捂脸R][捂脸R]
1369	xiaohongshu	2026-08-11T11:17	2	我觉的帖主说的没错除了标题和配图之外哈，瑶不用啥手法比较吃意识其实，瑶现在就是太弱了，就算是适配于拿瑶的阵容队友肯定也是希望拿强势辅助的毕竟强势辅助会让队友更舒服更稳定的渡过前期，我是玩软辅的也特别喜欢瑶，但这个赛季瑶真的弱，说到底还是要小王加强瑶妹[扶额R]还有就是一个好射手，我现在的分段有的射手心态特别差只要一级不跟他就在那发兄弟们一波啦，还有就是关于卡线，有的时候射手也是要说出来的和辅助沟通的
1370	xiaohongshu	2026-08-11T11:49	1	我想到三个不是数值方面的调整，二技能印记每打中单位一刀就减一技能0.2秒CD 增强技能之间的联动性，二技能印记存在时间参考云缨枪意那样搞个图标在状态栏，大招前摇加霸体，这样至少能上半个剃度吧，不要再呆下水道了
1371	xiaohongshu	2026-08-11T12:23	0	牢 比李白还弱
1372	xiaohongshu	2026-08-11T13:10	1	这么说吧，我玩射手，他是我最不怕的打野的那一档[笑哭R]
1373	xiaohongshu	2026-08-11T14:04	6	我婉是不是有点太强了 从2019年末开始爱上我婉 以前四级强势期 随便越塔 当年作为很多射手、法师玩家噩梦的英雄 到后面法术装备被削弱 我婉一件好处都没捞着 接着刺客移速调整 我婉被策划删除刺客定位 没捞着移速加成 又遇到减速统一化 防御塔、野区保护 一桩桩一件件让我婉从曾经的中射梦魇低落神坛 直到2023年5月 官宣婉儿飞天机制 使其上手难度降低 同年暑假 我婉捞着一款国际服皮肤 各大婉儿博主研究万血狂暴流 我婉又重回当年的辉煌 但好景不长 策划做了一件让所有婉儿玩家意想不到的决定—削弱婉儿前期强度 增强后期强度 调整笔墨伤害 当时那个强度削弱肯定是会有的 但是为什么削前期英雄的前期 后面又给狂暴来了一刀 变相增加狂暴冷却 直到现在 婉儿玩家只会认为是不是自己手法问题 如果当时那样飞会不会就不会有这个结果 后面策划玩婉儿打出来个零封阵亡8次 还在嘴硬说婉儿一次性英雄就该这样 每次起飞都是高风险低回报 曾经的婉儿博主末纠缠、萧煞、温熙 几乎都不玩婉儿 王者营地的数据官方也不会去看 至此 我虽然认为婉儿现版本就是弱 但是 作为老婉家 我并不希望婉儿去做什么所谓的变异#王者荣耀上官婉儿[话题]#
1374	xiaohongshu	2026-08-11T14:11	10	实话说 让辅助先上的我一般奖励他们孙膑瑶[笑哭R] 因为我拿强势一般会开出连续三个下水道[笑哭R]
1375	xiaohongshu	2026-08-11T14:13	0	婉儿群 dd 加可私信
1376	xiaohongshu	2026-08-11T14:43	1	请求加强司马懿
1377	xiaohongshu	2026-08-11T15:09	87	孙权二技能增强牵引功能?!这不闹吗 一看到孙权全局的人法C也不切了残血也不追了#我的王者高光解说台[话题]# #王者荣耀孙权[话题]# #下饭操作[话题]# #王者荣耀[话题]# #游戏精彩时刻[话题]# #王者荣耀搞笑视频[话题]#
1378	xiaohongshu	2026-08-11T15:20	1	日常坐牢
1379	xiaohongshu	2026-08-11T15:21	3	信号键那里上下滑动可以切换，就有撤退键什么的了
1380	xiaohongshu	2026-08-11T15:22	0	光信能打出熟练度极高的无限连的情况下，应该还是能够勉强进入T1的吧。
1381	xiaohongshu	2026-08-11T15:26	0	没有机制没有数值，只有脸[黄金薯R]
1382	xiaohongshu	2026-08-11T15:40	0	辅助先上然后三四五楼掏出李白甄姬伽罗[生气R]藏什么[生气R][生气R]
1383	xiaohongshu	2026-08-11T15:45	4	置顶截图，不挂人，仅供大家欣赏[微笑R]
1384	xiaohongshu	2026-08-11T15:49	3	不会玩硬辅，感觉手太短了好呆，但是我也不会玩弱势辅助，谁喜欢天天坐牢，所以我一般就玩少司缘大乔桑启，阵容合适缺点肉就玩元辅[笑哭R]
1385	xiaohongshu	2026-08-11T15:57	43	你要不试试让王者取消巅峰赛用软辅这一功能？再说这些大局观的话。
1386	xiaohongshu	2026-08-11T15:57	0	我一楼大禹就会出现婉儿芈月李白小龙人这样的队友，射手就算了，本身射手就是打输出的小龙人也强势，其他一个控制都不愿意补，对面西施妲己关羽钟无艳加个孙权，前期被对面打成臊子
1387	xiaohongshu	2026-08-11T16:08	1	孙权二技能冷知识：天热时候吃冰淇淋可以解暑[暗中观察R]
1388	xiaohongshu	2026-08-11T16:21	1	宝：我可以做你忠实的粉丝，你可以回我吗？
1389	xiaohongshu	2026-08-11T16:41	0	不过是临死前的幻想罢了
1390	xiaohongshu	2026-08-11T16:49	2	被打成爆炸薯了 #王者荣耀[话题]# @小红书创作助手
1391	xiaohongshu	2026-08-11T17:10	1	如果不是离谱的延迟我都想留在国际服了，完全体的镜。 我一个国服的市标镜，在国际服乱杀，但是那个体验并不是很好，主要是放技能有点粘，使不上劲的感觉。
1392	xiaohongshu	2026-08-11T17:21	0	王者dd
1393	xiaohongshu	2026-08-11T17:23	11	策划又被谁偷塔偷输了[偷笑R]
1394	xiaohongshu	2026-08-11T17:32	5	哪个英雄削弱后依旧很强？ 不少英雄几经调整，热度依旧居高不下。 说说你觉得削不完的强势英雄。 #王者英雄调整[话题]# #王者荣耀[话题]# #英雄强度[话题]#
1395	xiaohongshu	2026-08-11T17:33	0	宫本呗
1396	xiaohongshu	2026-08-11T17:35	0	宫本
1397	xiaohongshu	2026-08-11T17:38	1	宫本
1398	xiaohongshu	2026-08-11T17:39	2	宫本 扫码[微笑R]
1399	xiaohongshu	2026-08-11T18:00	0	一般庄周没禁情况下，让先出，张飞和廉颇一选，对面就来庄周。一选蔡文姬，对面马可西施宫本关羽鬼谷子鲁班大师钟馗就全来了
1400	xiaohongshu	2026-08-11T18:01	0	老师张昭命盘有+3吗
1401	xiaohongshu	2026-08-11T18:02	54	多给澜来点这种《增强》 #王者荣耀[话题]# #夏日农友节全员集结[话题]# #听说峡谷夜里有狼人出没[话题]#
1402	xiaohongshu	2026-08-11T18:12	0	想啥呢[回招呼]我4级海月差点没打过4级澜（都知道海月4级最强势吧）
1403	xiaohongshu	2026-08-11T18:21	0	我中路玩得好的不多，怕对面选了我没啥玩的我都先手出，让我反制我未必能玩的好，我就先手出个工具人让经济给队友吃，非常有自知之明[笑哭R]
1404	xiaohongshu	2026-08-11T18:22	1	其是瑶加➕厉害的人可以实现一加一大于二的作用 看阵容拿没什么问题
1405	xiaohongshu	2026-08-11T18:30	0	别逗你镜姐超哥笑了
1406	xiaohongshu	2026-08-11T18:32	16	我感觉软辅硬辅都得看射辅玩家会不会玩，其实不仅是英雄强度，还有在对线期看辅助会不会卡线，占视野，卡位置，换血，高强度辅助配上好一点的意识，再加上会玩的射手，在线上特别舒服，但是你说的朵莉亚和蔡文姬我不认可，这两个会玩的完全线霸，庄周要在特定阵容选出来无敌，我有多少把都被庄周恶心输了，打团根本打不了
1407	xiaohongshu	2026-08-11T18:39	4	都不许说我的瑶瑶[哭惹R][哭惹R][哭惹R][哭惹R]
1408	xiaohongshu	2026-08-11T18:58	81	我软硬辅都玩 客观的说一句跟辅助关系真不大 硬辅该输还是输 打野前期会不会抓 射手会不会输出才是关键 软辅打败赢辅的局太多了 还是要看C位实力 而且有些软辅带有功能性 比如朵莉亚 队里有个吕布甄姬后羿 起来了刷大 禁了庄周对面根本没有办法 瑶配马可孙权也很强 开大后只有瑶能跟上 所以别看不起软辅
1409	xiaohongshu	2026-08-11T19:07	12	我太强了你懂吗#王者荣耀[话题]# #王者荣耀热门[话题]# @王者荣耀 @小红书创作助手 @薯队长
1410	xiaohongshu	2026-08-11T19:10	20	王者S44赛季对抗路英雄梯度排行 第一，抱紧无象神器的大腿。 S44赛季对抗路最大的变化就是汇流为兵下架、无象神器上位。这件装备释放大招能给最高190攻击力+1260回血。狂铁、曹操、杨戬这些靠大招吃饭的英雄直接起飞。你玩战士类英雄，暗影战斧做完直接无象神器，别犹豫 第二，空间之灵别不当回事。 打掉空间之灵后能召唤金色空间之灵帮你清兵推塔。你离开对抗路去支援，它还会自动把50%兵线收益转给你。相当于白嫖经济，这便宜不占白不占 第三，选对英雄比练技术重要一万倍。 这版本影就是版本大爹，操作简单强度爆炸。马超关羽虽然T0但没手法就是白给。狂铁、老夫子、夏洛特这些T1英雄操作门槛适中，上分最稳。别死磕下水道英雄，版本不爱你你爱版本也没用 第四，对抗路的核心是“线权+支援”。 有线权你就能先动，先动就能多打少。清完线别在塔下发呆，去中路蹭一波、去野区看一眼、去对面反个buff，都比你在线上跟对面互瞪眼强。马超关羽强就强在跑图快，你玩啥英雄都得有这个意识 第五，低分段选坦边，高分段选战边。 钻石星耀局，项羽这种操作简单、容错率高的坦克比花里胡哨的战边好用得多。站得住、开得了团、不容易崩，队友看了都安心，到了高分段再玩马超元歌这些吃操作的，低分段玩不明白就是坑队友 最后说句掏心窝的话：别跟版本对着干，S44对抗路版本答案就是影、狂铁、老夫子、夏洛特这四个。操作不难、强度在线、什么分段都能玩。练好其中两个，上个王者跟喝水一样简单。记住，强势英雄+正确思路=上分，弱势英雄+神仙操作=坐牢#清晨电竞[话题]# #王者工作室[话题]# #对抗路英雄梯度排行[话题]# #国服对抗路[话题]# #对抗路英雄金标万战小国标[话题]# #王者荣耀对抗路英雄[话题]#
1411	xiaohongshu	2026-08-11T19:11	0	貌似没有什么道理呢
1412	xiaohongshu	2026-08-11T19:15	13	王者最恶心的英雄排名，看到第几个你破防了 S44赛季打了这么久 整理了一下社区风评最差的10个英雄 分两个阵营： 🔴 **对手噩梦型** —— 对面选了我想重开 🟣 **队友嫌弃型** —— 队友选了我想挂机 --- 🥇 **墨子**（风评综合77.5） Ban位房主，3秒一炮打到你崩溃 对面有墨子整局游戏体验-50% 🥈 **百里守约**（77.5） 九人心慌慌名不虚传 一人选百里，全队4打5不是说说而已 （没错对手和队友都讨厌） 🥉 **海月**（71.0） 幻境折磨王，拉进去就是1v1坐牢 打不过你还躲不过吗？对不起真躲不过 4️⃣ **心魔六耳**（71.0） 新英雄超标王 浮空+无法选中，脆皮的噩梦 估计过两个版本就要砍 5️⃣ **盾山**（65.5） 举盾无敌，法师射手集体失业 一个英雄废掉三个位置 6️⃣ **少司缘**（61.0） 治疗雨永动机，奶量超标打团打不死 刚出的时候觉得一般，现在真香警告对面 7️⃣ **米莱狄**（62.5） 中路陷阱，选出来水晶先裂开 队友选米莱狄=中路自动失守 8️⃣ **吕布**（60.0） 版本弃子，胜率46.5%对抗路垫底 以前的信仰，现在的ATM 9️⃣ **明世隐**（56.0） 视野黑洞，链子一牵买一送一 小明牵着的射手 = 移动ATM 🔟 **朵莉亚**（59.0） 蓝色浮游生物，刷不准技能还拿MVP 你永远不知道你家朵莉亚下一个大招是谁的 --- 💡 版本观察： S44是控制为王、消耗当道的版本 前5个靠机制压制让对手绝望 后5个靠玩法毒瘤让队友血压飙升 **避坑指南：Ban位先Ban前4，排位别选后5** --- 你们最讨厌哪个英雄？ 评论区投票👇 1.墨子 2.守约 3.海月 4.六耳 5.盾山 6.少司缘 7.米莱狄 8.吕布 9.小明 10.朵莉亚 #王者荣耀[话题]# #S44赛季[话题]# #王者荣耀S44[话题]# #王者荣耀英雄[话题]# #王者荣耀攻略[话题]# #王者峡谷[话题]# #王者荣耀上分[话题]# #王者荣耀排位[话题]# #王者荣耀Ban位[话题]# #风评最差英雄[话题]#
1413	xiaohongshu	2026-08-11T19:29	1	从高分t度来看，关羽肯定是比海月超标的，毋庸置疑，没打过一万六一万八的关羽，你们是真不知道这个英雄有多出生，超绝数值随便抢野怪，肉的要死打他不动，后期带线能力也不弱，打团更是一把黑切单刷双c，对抗路永远的t0，而且这英雄上手并没有想象的那么难，我不玩关羽的拿去打2300有点费劲，但是打2000-2100没任何问题，根本没有网上说的不会玩就一坨
1414	xiaohongshu	2026-08-11T20:18	0	马超
1415	xiaohongshu	2026-08-11T20:23	2	心魔六耳啥时候削弱S人角色，恶心死了 #王者荣耀[话题]# #王者荣耀心魔六耳[话题]#
1416	xiaohongshu	2026-08-11T20:30	0	就不该放出来
1417	xiaohongshu	2026-08-11T20:34	0	确实恶心
1418	xiaohongshu	2026-08-11T20:38	0	你在某书上发并没有什么用，某书上百分之八十五都是分比较低的玩家，他们在低分段玩软辅没啥，在中高分段玩才该骂，不想遇到只能自己打高分上去，万强赛软辅很少除了元辅少司缘大乔大禹，你说的那些辅助三十把才碰到一把，还是冲标的瑶。我讨厌所有分路的弱势英雄，但是低分段想玩就玩吧，你不属于这个低分段的话迟早就上去了，不想遇到的最好方式就是提高自己的分段就遇不到了
1419	xiaohongshu	2026-08-11T20:48	5	尤其是那弱势打野，跟他干嘛 因为刚那局打野被进野区怪中单有感而发。 打野抓对抗是为了抓不到坐传送阵回发育路半区，中路那小短腿得吧得吧跑过去，然后得吧得吧跑回中路后手清线。对面打野镜像开压一波发育路状态配合先手清完线的中单入侵发育路半区了，你清线还得被打野喷，不清线亏四级线你图啥？ …护住中轴，踩住半区河道。真比你小短腿撵着那帮高机动多位移打野有用……#王者荣耀排位[话题]# #王者荣耀游戏搭子[话题]# #双排[话题]# #打野[话题]# #王者匹配机制[话题]# #王者[话题]# #王者日记[话题]#
1420	xiaohongshu	2026-08-11T20:49	0	竟然没有庄周和瑶，可以替换盾山和小明
1421	xiaohongshu	2026-08-11T20:51	0	因为🦌不管跟谁都行，🧜基本只能跟中路，🪉基本绑定射手，然后🐮、🪝什么的这些又容易被卖
1422	xiaohongshu	2026-08-11T20:54	14	8.11王者中路英雄梯度排行 玩中路核心不是在线上把对面杀穿，而是拿线权之后带动全局节奏。优先选 T0、T0.5 梯队英雄，这些英雄容错高，适配版本装备，上分更稳。T1 梯队适合自己操作熟练再拿，T2 及以下尽量后手看阵容选，不要头锁 T4 英雄，普通对局很难发挥。 对线阶段优先抢线，抢完线不要无脑乱跑，多看小地图。对面中路去哪，你不一定非要跟着去，可以换边支援，帮打野看野区，给边路报敌人位置。不要一直赖中路对拼，中路经济本来就不高，多蹭边路兵线、小野，拉开经济差，你的伤害才会起来。 出装记得看英雄适配无象神器，大招频繁的法师优先做；大招 CD 很长的就别硬出这件装备。打团炮台法师站后排输出，法刺找机会切后排，功能法师优先控住对面突进保护自家射手。不要盲目冲人，活着才有输出。 BP 阶段优先 ban 掉版本 T0 的强势英雄，对面突进多就选有拉扯、强制单挑的英雄；对面回血多就选持续伤害法师。低分段可以选简单容错高的，高分段更看重支援和控场。不要执着本命弱势英雄，版本强势英雄上手练一练，上分效率会高很多#王者荣耀工作室[话题]# #清晨电竞[话题]# #梯度排行[话题]#
1423	xiaohongshu	2026-08-11T20:57	0	弈星没有t1吧，就算有无相加持，也仅能t2顶
1424	xiaohongshu	2026-08-11T20:59	0	猫咪瑕疵在哪，没控制吗
1425	xiaohongshu	2026-08-11T21:11	3	目标阵亡依旧可以传送[呃R][呃R]迁坟过去等扁鹊复活是吗？
1426	xiaohongshu	2026-08-11T21:30	35	策划官宣，黄原即将削弱，爆裂永夜迎来加强 #王者荣耀[话题]# #小王夏令营[话题]# #一人一个王者热知识[话题]# #我的王者高光解说台[话题]# #游戏日常[话题]#
1427	xiaohongshu	2026-08-11T21:34	5	选五个坦克让你赢得了
1428	xiaohongshu	2026-08-11T21:37	0	我基本只ban瑶，这是为数不多能让两边都感到恶心英雄
1429	xiaohongshu	2026-08-11T21:38	0	六耳，削到脚皮了
1430	xiaohongshu	2026-08-11T21:59	0	？
1431	xiaohongshu	2026-08-11T22:08	17	你看齐鹏鹏不操死策划就完了，亚联装备一共就6个，削了5个，剩下一个是个鞋子
1432	xiaohongshu	2026-08-11T22:30	0	要是真这样，想要几颗星自己加都行
1433	xiaohongshu	2026-08-11T22:50	0	我自己玩都不敢拿瑶，这个得和队友配合吧，而且瑶真的太弱了玩了其他的好上分就不想玩瑶了
1434	xiaohongshu	2026-08-11T23:10	0	高分段肯定是这样，但排位人家系统分几楼就几楼呗，就算他英雄池只有一个系统让他在五楼也没必要非得上去
1435	xiaohongshu	2026-08-11T23:13	1	看情况跟。跟灵性的，会配合的。那些神一样的打野跟着干啥。刚好好的一把，我跟对抗打龙半天，他就在旁边打红。怎么点集合都不来，对面赶过来抢龙了，他过来还噶了，送对面一个红把我们带团灭。关键龙点，就非要在那打红。拿完龙这个红是拿不了了吗？
1436	xiaohongshu	2026-08-11T23:23	0	少司缘风评还可以吧
1437	xiaohongshu	2026-08-11T23:26	1	双设备玩王者，一心二用太强了 #我的王者高光解说台[话题]# #王者匹配机制[话题]# #王者[话题]# #王者荣耀热门[话题]# #打游戏[话题]# #安卓和苹果[话题]# #游戏博主日常分享[话题]# #净化游戏环境[话题]# #数码大玩家[话题]# #电子竞技[话题]#
1438	xiaohongshu	2026-08-11T23:45	1	新鲜出炉，中上辅三排，墨子没跟过我，打着打着吕布开始骂我，守水晶的时候他就在泉水回程不动，家爆炸了。没想到这把都能骂到我头上[黄金薯R]
1439	xiaohongshu	2026-08-11T23:53	3	S37赛季英雄强度榜单！ S37赛季英雄强度榜单！ #王者荣耀
1440	xiaohongshu	2026-08-12T00:01	47	当以增强的视角诠释英雄强度时你会看到 #王者荣耀[话题]##夏日农友节全员集结[话题]##听说峡谷夜里有狼人出没[话题]##王者荣耀创作激励活动[话题]##王者高光解说台[话题]##好视频扶持计划[话题]##小王夏令营[话题]##我的王者夏日副本[话题]##好视频扶持计划[话题]#
1441	xiaohongshu	2026-08-12T00:05	0	[哭惹R]
1442	xiaohongshu	2026-08-12T00:05	463	策划爆料：海月守约即将削弱，姬小满调整，刘 #王者荣耀[话题]# #王者荣耀七月创作激励活动[话题]# #王者荣耀热门[话题]# #海月[话题]# #王者[话题]#
1443	xiaohongshu	2026-08-12T00:15	8	英雄池会不会太弱势了？ #王者荣耀[话题]# #辅助[话题]#
1444	xiaohongshu	2026-08-12T00:18	0	你是一点苦也不吃啊[doge][doge][doge]
1445	xiaohongshu	2026-08-12T00:20	478	演都不演了出完削弱还没下架呢
1446	xiaohongshu	2026-08-12T00:30	2	最强不是墨子吗
1447	xiaohongshu	2026-08-12T00:56	0	哟，亚连居然还能削弱[doge]
1448	xiaohongshu	2026-08-12T01:31	13	辅助只玩最弱势 缘神牛逼。 #王者荣耀[话题]# #少司缘[话题]# #辅助[话题]# #顺口溜[话题]#
1449	xiaohongshu	2026-08-12T01:47	34	热度T0的澜，胜率只有46.5% 都说澜是刮痧师傅，从数据上来看，确实是的。热度T0，胜率却只有46.5%，是不是应该加强下。毕竟澜上手难度不高，和镜一样秀，是镜的平替！#王者荣耀[话题]#
1450	xiaohongshu	2026-08-12T02:01	0	说真的，我觉得澜现在就是下水道，出个无双皮也不知道加强一下，骗人去玩下水道，我打排位有一次遇到一个炸鱼的，9分半1万经济，十几个人头，我还以为这把稳赢了，从他浪了第一次开始，那就赢不了了，15分钟，对面c位的装备也差不多好了，他冲上去根本刮不动人，变成脆脆鲨，反正我这个段位也不是很高，但是就是见不到澜，王者十几星，都是前期拿几个人头，然后等到中期就开始慢慢乏力打不动人，到后期直接被对面翻盘[失望R]
1451	xiaohongshu	2026-08-12T02:03	0	你最好是了解一下后台玩家基数，再对胜率进行分析才可以定性吧，澜的英雄形象本来就很受舔颜玩家喜爱，他胜率低不是强度不足，是入门玩家太多。
1452	xiaohongshu	2026-08-12T02:09	2	[嘻嘻R]遇到对面玩澜，就算他前期好几个头，只要我们没崩的很厉害，根本不带慌的
1453	xiaohongshu	2026-08-12T02:26	0	来看我的瑶，对面盾都打不破
1454	xiaohongshu	2026-08-12T03:37	15	澜大盘受众广也确实很少见有人哭弱的，但这英雄真的实打实偏弱了，本身数值并不高主要靠跑图刷经济差但上位有个韩信，高端局非常乏力
1455	xiaohongshu	2026-08-12T04:11	1	我一个玩莱西奥的，很多时候第二件就开始出肉了，不然碰到宫本猴子基本就可以放下手机了
1456	xiaohongshu	2026-08-12T04:19	0	瑶可以拿 但要根据阵容 有前排（有扛伤）有输出 射手是元流 龙人这种 打野拿的也算比较强势的英雄 没有被入侵野区的风险就可以拿 但这种阵容也不容易遇到[笑哭R]
1457	xiaohongshu	2026-08-12T05:04	0	宫本
1458	xiaohongshu	2026-08-12T05:12	0	亚连这回真的只能穿鞋了[捂脸R]
1459	xiaohongshu	2026-08-12T05:36	125	卖完皮肤就削
1460	xiaohongshu	2026-08-12T06:31	0	就是因为热度高才不加强啊，本来就简单又长的帅，加强了都去玩其他的没人玩了[笑哭R]
1461	xiaohongshu	2026-08-12T06:54	0	我说白了，叫辅助先上的都是这种唐人🙄
1462	xiaohongshu	2026-08-12T07:54	0	和马可一样的处境了
1463	xiaohongshu	2026-08-12T08:06	11	可是我感觉这个迪迦真的很神圣啊 [视频] 11s
1464	xiaohongshu	2026-08-12T08:23	2	确实需要加强，这英雄前期是t1-2的强度，中后期就得再往下挪挪了。[捂脸R]
1465	xiaohongshu	2026-08-12T08:28	3	黄刀砍的明显是打野啊[偷笑R] 你看看现在的战士特别打野人手一把黄盾，现在就连镜都出这玩意了
1466	xiaohongshu	2026-08-12T08:42	3	死一次自动逆风[笑哭R]玩过的才知道
1467	xiaohongshu	2026-08-12T08:47	1	瑶呢李信呢海诺呢马可呢[猪头R]
1468	xiaohongshu	2026-08-12T08:49	1	菠萝仔击杀精彩瞬间，有三杀 #王者荣耀[话题]# #我的王者高光解说台[话题]# #王者荣耀世冠[话题]# #唤醒我的峡谷时刻[话题]# #王者日记[话题]# #原来你也玩王者[话题]# #王者荣耀搞笑视频[话题]# #王者荣耀热门[话题]# #游戏精彩时刻[话题]# #爆炸就是艺术[话题]#
1469	xiaohongshu	2026-08-12T09:06	0	？？？这这是不是帮助开挂？
1470	xiaohongshu	2026-08-12T09:29	0	这英雄要看阵容，如果打团战aoe的话，输出是比其他射手都高的。 如果队伍有廉颇或者猪八戒这种就可以拿。 前期发育， 出装看对面，突进英雄多就做法球半肉， 突进不多就直接末世后攻速鞋红叉无尽破晓
1471	xiaohongshu	2026-08-12T10:05	15	版本之子嬴律，低压开团射冲分必备 #王者万象棋[话题]# #王者万象棋定档9月[话题]# #王者荣耀[话题]# #王者万象棋红薯创作团[话题]#
1472	xiaohongshu	2026-08-12T10:22	150	由于本人王者暖属性太强。。 呃……又被看穿了#无限暖暖[话题]# #暖暖[话题]# #王者荣耀[话题]#
1473	xiaohongshu	2026-08-12T10:26	28	这个孙权笑死我了
1474	xiaohongshu	2026-08-12T10:29	0	演员给我去亖啊
1475	xiaohongshu	2026-08-12T10:30	0	没事，我们玩韩信，和刘禅偷塔，加米莱狄米老鼠
1476	xiaohongshu	2026-08-12T11:12	13	我之前碰到的😭可惜是巅峰赛没办法说话
1477	xiaohongshu	2026-08-12T11:16	1	不想提就不提，不用勉强自己。有我在，宝宝不用再面对那些糟心事
1478	xiaohongshu	2026-08-12T11:18	0	妲己又开团了
1479	xiaohongshu	2026-08-12T11:22	1	英雄超标和玩家菜，到底怎么区分 输了就怪英雄太强 到底是角色失衡，还是自身操作问题？ 来聊聊你的看法 #王者平衡[话题]# #王者荣耀讨论[话题]#
1480	xiaohongshu	2026-08-12T11:30	0	不需要区分，比如公孙离单挑凯，公孙离玩家神经紧绷，精心计算技能cd，而凯玩家随心所欲的玩，没有任何压力，凯可以失误无数次，只要被凯贴脸的瞬间，公孙离的各种拉扯，布局，宛如跳梁小丑，屏幕瞬间黑暗
1481	xiaohongshu	2026-08-12T11:40	0	吕布呢，咋说对抗路胜率倒数第一，策划说不用加强
1482	xiaohongshu	2026-08-12T11:54	2	李信怎么能这么超标，每次都在那边哭着，我都不知道在哭什么#王者荣耀[话题]#
1483	xiaohongshu	2026-08-12T11:58	3	光信吃手法啊，暗信主要是单挑强，人多一些就直接融化了，队友没来别打暗信，尤其是射手
1484	xiaohongshu	2026-08-12T12:02	2	现在强了，不就是因为弱了3，4年终于哭出来强了吗？不能因为现在强了就说以前不弱，而且不是已经被削了两刀吗
1485	xiaohongshu	2026-08-12T12:08	0	女朋友声音呢？[害羞R]
1486	xiaohongshu	2026-08-12T12:10	122	能不能削弱一下对抗路，又肉伤害又高一刀把c位劈死
1487	xiaohongshu	2026-08-12T12:14	0	之前的百里，一枪让脆皮变残，被打中只能回家补状态，然后你还摸不到他，但是那个时候拿百里都默认要演
1488	xiaohongshu	2026-08-12T12:27	79	我id是缘缘长相念，之前对位一个小乔名字叫予梦心时可激动了，让她看我名字；结果人家鸟都不鸟我，队友还替她嘲讽我[抽泣R]心碎了 而且是逆风局 我也没心思认亲了
1489	xiaohongshu	2026-08-12T12:38	0	传送保塔天塌了[哭惹R]
1490	xiaohongshu	2026-08-12T12:39	17	王者19日直播预热，新英雄王维四个英雄加强 大家期待王维吗？ 苍这是要再次重做了吗？ 戈娅fmvp 夏侯年限？ 牛魔？ #王者荣耀[话题]# #王者荣耀皮肤[话题]# #王者[话题]# #戈娅[话题]##直播[话题]##王者荣耀8月热点[话题]##王维[话题]##牛魔[话题]##夏侯惇[话题]# #王者荣耀热门[话题]#
1491	xiaohongshu	2026-08-12T12:42	0	下水道英雄 入场一套连招对方半条血都打不掉 就是个幽默打野
1492	xiaohongshu	2026-08-12T12:49	0	不期待就是云
1493	xiaohongshu	2026-08-12T12:50	0	不期待就不能玩王维[笑哭R]
1494	xiaohongshu	2026-08-12T12:56	23	王者新赛季将上线新英雄，四个英雄将加强 #王者荣耀[话题]# #王者荣耀七月创作激励活动[话题]# #峡谷绝活大赏[话题]# #我的峡谷小剧场[话题]# #王者高光解说台[话题]#
1495	xiaohongshu	2026-08-12T12:58	0	1
1496	xiaohongshu	2026-08-12T12:59	0	棒！
1497	xiaohongshu	2026-08-12T12:59	0	1
1498	xiaohongshu	2026-08-12T12:59	0	少一条死一个码[黄金薯R]
1499	xiaohongshu	2026-08-12T13:02	0	这跟无敌了有啥区别？我真的不想说了
1500	xiaohongshu	2026-08-12T13:02	0	纯假的
1501	xiaohongshu	2026-08-12T13:06	0	苍的痛点终于可以优化了吗，我都不敢掏出来的[哭惹R]
1502	xiaohongshu	2026-08-12T13:19	0	六耳
1503	xiaohongshu	2026-08-12T13:20	72	海月你要不回调算了。。。没卖皮肤前改了，卖了皮肤后又削弱，真的服的要死
1504	xiaohongshu	2026-08-12T13:24	0	只有心软的炸鱼哥会让我玩瑶[扯脸H]有的队友看我预选瑶就直接开摆尽管我后面换了
1505	xiaohongshu	2026-08-12T13:26	0	大乔啊，这英雄的机制太好了，现在依旧能在顶端局活跃
1506	xiaohongshu	2026-08-12T13:38	0	都被削成啥了[失望R]
1507	xiaohongshu	2026-08-12T13:38	8	体验服姬小满要增强了，双喷刘备本周四加强 体验服姬小满要增强了，双喷刘备本周四加强上线正式服，蒙犽马上也快上线正式服了，目前还在对比数据。 #王者荣耀
1508	xiaohongshu	2026-08-12T13:44	1	海诺呢，属于是既不想队友选，又不想对面选的
1509	xiaohongshu	2026-08-12T13:54	1	砍完黑切砍冰脉，砍完红莲，砍冰心，策划老是死怎么办，加强名刀，玩法师老是死咋办，加强炽热，[doge][doge]
1510	xiaohongshu	2026-08-12T13:57	19	龙人、卢雅那、艾琳这种又轮椅又强的英雄放着不削，来削弱好不容易挤进t1的守约吗[微笑R]
1511	xiaohongshu	2026-08-12T14:32	42	只玩弱势英雄 #王者荣耀[话题]# #镜[话题]##马超[话题]##老虎[话题]##打野[话题]# 分路第一
1512	xiaohongshu	2026-08-12T14:33	0	世界空鸣悲寂 可以+
1513	xiaohongshu	2026-08-12T14:46	15	削弱六耳原因 刚开始我以为六只是攻击力强，今天我发现六耳的一个技能不仅能定位到人人根本跑不开，而且能越塔强杀，他那个技能塔下面根本不会被点，凭什么呀，我们孙权越个塔就被点死了，六耳的那个技能在塔下面塔竟然识别不到硬生生在塔下面被六耳给打的挂掉也太离谱了？如果真的就是说觉得所有的英雄这种窜出去的技能都该不会被塔点，那就一视同仁，凭啥六耳一用那个技能在他下面不会被攻击啊，他们连小兵都没有，就这样直接一个技能往塔下冲把别人给冲死了#王者荣耀[话题]#
1514	xiaohongshu	2026-08-12T14:50	0	那个无法选中确实烦
1515	xiaohongshu	2026-08-12T14:52	0	削弱六耳，真是受够了，同一个技能定位追踪着打把别人打到塔下没有小兵还不会被塔攻击[生气R]你咋不直接让六耳忽视小塔直接去点大塔呢，那技能一开让他点去呗[微笑R]啥玩意儿，技能阴的要死，都别玩了，真无语，排位有的时候也是阴的要死，不是消极比赛就是送人头，消极比赛和挂机有区别吗？举报成功两三个最后还是扣我星[生气R]可以是因为势均力敌最后输的心服口服，因为队友一个个仿佛送人头挂机一样直接把他踢出去不行吗？局内为什么玩家不能直接举报赛后举报有什么用？
1516	xiaohongshu	2026-08-12T14:53	0	玩中单除了海月其他的被他近身真的很难受
1517	xiaohongshu	2026-08-12T14:58	0	猪八戒，没有哪吒可以一打五[doge]
1518	xiaohongshu	2026-08-12T15:01	0	还有我说我玩卢雅娜之前为什么控制别人别人跑那么快，我还以为是控制的时间短，今天我玩 孙权对面是卢雅娜。我发现卢雅娜的大招根本控制不住人啊，究竟有什么用？踏轻一脚就跑了。
1519	xiaohongshu	2026-08-12T15:01	4	我只能说你被打信息差而已，你可以试着玩几局了解一下技能是谁，你就自然知道要怎么打他，我告诉你几个他的弱点，其中一个就是二技能前摇长，而且cd比起很多刺客都长，大招有bug开了也能立刻死，二技能是唯一的主动位移，所以躲开二技能等于躲开全部技能，加上刚刚说的后摇长所以你可以一看到他进入你视野就不要靠太近，一立棍就向后走，通常21连开所以空一个就是空两个技能，基本上开大就是等死，如果你有位移向后拉他甚至大招都开不了
1520	xiaohongshu	2026-08-12T15:07	0	海月就是阴啊，而且一点手法都不用，怕死拉进去二二二就好，一技能在大招里现在加了个回弹伤害高成啥了。。。被关羽技能骗光推死我服，被元歌换位戏耍我也服，被司空震雷霆之力不停刷新我也服，按二二二的有啥练习成本，我低分我1800每把都搬
1521	xiaohongshu	2026-08-12T15:09	0	汤达人呗，因为本身弱到离谱+玩家爱科研所以不管怎么改都能搓出两套能玩的出装导致看起来强，策划也没那个胆子全方位削一遍，削不好就会变成下一个云中君
1522	xiaohongshu	2026-08-12T15:26	0	拿来吃的。
1523	xiaohongshu	2026-08-12T15:28	0	刚好1 2 3诶
1524	xiaohongshu	2026-08-12T15:31	0	主包主包严肃申请好友位！
1525	xiaohongshu	2026-08-12T16:04	0	主播还是太强势了
1526	xiaohongshu	2026-08-12T16:07	0	牛波一主播
1527	xiaohongshu	2026-08-12T16:14	40	我们守约还没摆脱英雄歧视，就要迎来削一刀吗[微笑R]
1528	xiaohongshu	2026-08-12T16:26	0	海悦啥时候削弱呀 真的打个海月金标，还得送个猫咪的金标时候才削弱呀，降低海悦的搬率#海月[话题]# #国服[话题]# #王者荣耀[话题]# #努力变游戏[话题]#
1529	xiaohongshu	2026-08-12T16:31	0	别的不说，对抗路知名的唐关唐歌听到的还挺多，但是没见什么人说唐月，海月没那么要手法吧，至少我玩的明白海月玩不明白关于元歌（当然这不代表关羽元歌不超标啊，元歌这英雄真是阴完了，解控位移无法选中，傀儡还有个长得要命的控制，谁遇到会玩的谁享福）
1530	xiaohongshu	2026-08-12T16:36	1	上官婉儿和芈月不也是[偷笑R]
1531	xiaohongshu	2026-08-12T16:41	307	对抗路强度将迎来洗牌四大强势英雄削弱？三 对抗路强度将迎来洗牌四大强势英雄削弱？三大英雄增强!##王者荣耀[话题]# #夏日农友节全员集结[话题]# #农友票选英雄卢雅那[话题]# #听说峡谷夜里友狼人出没[话题]# #一人一个王者热知识[话题]# #小王夏令营[话题]##王者高光解说台[话题]##我的峡谷小剧场[话题]# #今年夏天再不种地真要吃亏了[话题]# #峡谷绝活大赏[话题]#
1532	xiaohongshu	2026-08-12T17:00	12	超极限狂潮强势英雄推荐 #螃蟹账号[话题]# #王者荣耀[话题]#
1533	xiaohongshu	2026-08-12T17:03	7	韩信你知道这事吗 直接就给我逗笑了好吧 不会玩就不会玩 还这英雄太弱了 韩信也不是啥冷门英雄啊 还是那句话 没有弱的英雄 只有弱的召唤师🤏🏻如果韩信都算弱势英雄 那玩啥呢大家 那么多人玩韩信 心思自己梦之泪伤啊 我看你像屎之泪伤 带个兵线去打水晶 还没进水晶呢 被对面五个群殴了666#王者荣耀[话题]# #打野[话题]# #王者荣耀韩信[话题]#
1534	xiaohongshu	2026-08-12T17:04	1	这简直就是韩信风评被害
1535	xiaohongshu	2026-08-12T17:05	24	故氏科研出超极限狂潮三大真神 故氏科研出超极限狂潮三大真神，每一个都强的可怕把故氏都玩笑了#王者荣耀[话题]# #王者荣耀创作激励活动[话题]# #王者高光解说台[话题]#
1536	xiaohongshu	2026-08-12T17:06	1	我只会觉得对面的英雄太强了 以后我一定要静他
1537	xiaohongshu	2026-08-12T17:06	1	韩信弱在哪，像我这种马可玩家都觉得马可还行（）韩信还哭上弱了
1538	xiaohongshu	2026-08-12T17:07	0	米莱狄史诗级削弱
1539	xiaohongshu	2026-08-12T17:07	0	[害羞R]一旦被多目标集火，极易被击杀，你瞅瞅你说的啥？[捂脸R]
1540	xiaohongshu	2026-08-12T17:23	0	说的挺明白的，全是超标的
1541	xiaohongshu	2026-08-12T17:39	1	因为你第1张图片很像大范围扫射所以会挨这么多骂吧 感觉辅助的选择除了打战力就要看阵容了 如果是后羿+朵莉亚在1900往下还可以 但是1900往上就必须选强势点了 因为在2000左右几乎没人会选弱势的 为了阵容强度和野区的必要守护也不能选太弱势的宝子们 低分就无所谓 高分都是来打标的就别随便坑人了
1542	xiaohongshu	2026-08-12T17:40	0	因为玩家弱啊，这个赛季还没遇到正战绩的李信呢，对抗路评分百亿补贴还能倒数第一评分
1543	xiaohongshu	2026-08-12T17:42	7	问了吗
1544	xiaohongshu	2026-08-12T17:51	0	@熟透了的水蜜桃 宝，如果有时候你看到我在线就不回你的话，我有可能也是在玩游戏
1545	xiaohongshu	2026-08-12T17:57	99	双喷刘备上线正式服！都改了什么？ #王者荣耀[话题]#
1546	xiaohongshu	2026-08-12T18:04	9	牢备史诗级增强却被吐槽改废了 #王者荣耀[话题]# #王者荣耀创作激励活动[话题]# #峡谷绝活大赏[话题]#
1547	xiaohongshu	2026-08-12T18:10	0	1
1548	xiaohongshu	2026-08-12T18:11	0	[黄金薯R]
1549	xiaohongshu	2026-08-12T18:12	0	[偷笑R]手更短了
1550	xiaohongshu	2026-08-12T18:21	0	我禁海月和瑶，瑶是因为被队友搞崩溃了，其余的我感觉有闪现就行
1551	xiaohongshu	2026-08-12T18:26	0	稍微是把一技能数值对半砍？现在的55胜率都是绝活打上去的吧？策划愣是想看到绝活的胜率也掉到40吗？[捂脸R]
1552	xiaohongshu	2026-08-12T18:58	4	这个阵容会不会有点太强了 #王者荣耀[话题]# #一玩一个不吱声[话题]# #好玩爱玩多玩[话题]# #什么实力不多说了[话题]# #两眼一抹黑[话题]#
1553	xiaohongshu	2026-08-12T19:02	1	我报纸终于回来了再也不用看到纸飞机了
1554	xiaohongshu	2026-08-12T19:07	49	影还超标啊，但凡肉一点就打不动了
1555	xiaohongshu	2026-08-12T19:18	0	哇
1556	xiaohongshu	2026-08-12T19:18	0	好期待
1557	xiaohongshu	2026-08-12T19:18	0	[哭惹R]
1558	xiaohongshu	2026-08-12T19:20	0	可以
1559	xiaohongshu	2026-08-12T19:47	0	好厉害啊
1560	xiaohongshu	2026-08-12T19:48	639	大盗：双喷刘备明日上线，新刘备新削弱新技巧，来啦#大盗[话题]# #王者荣耀创作者激励计划[话题]# #王者荣耀[话题]# #刘备[话题]# #59s摸红[话题]# #刘备双喷回归[话题]#
1561	xiaohongshu	2026-08-12T19:48	0	有组队的吗[派对R]一起来房间刷999
1562	xiaohongshu	2026-08-12T19:49	0	双边都被边缘化成啥样了，尤其是对抗路
1563	xiaohongshu	2026-08-12T19:53	4	那要是对面来反野呢？，刚好看见你掉了惩戒
1564	xiaohongshu	2026-08-12T19:58	0	会不会太有前期了？
1565	xiaohongshu	2026-08-12T19:59	0	峡谷农偷一[doge]
1566	xiaohongshu	2026-08-12T19:59	0	烂水果切片加你了！
1567	xiaohongshu	2026-08-12T20:02	0	刘备 艾琳 不知道为什么要乱改[害羞R]
1568	xiaohongshu	2026-08-12T20:03	2	真不是我口嗨。。只要不是吃硬控了韩信被五个人追也能溜起来（碰见位移更强的当我没说）三段大位移不跟你闹，一看形势不对随时撤不就完事（我嘞大去人不行怪韩信弱的都来了）
1569	xiaohongshu	2026-08-12T20:05	0	李信呢
1570	xiaohongshu	2026-08-12T20:23	74	铠这波调整，铠：这下我什么也不缺了 #王者荣耀[话题]# #对抗路的压迫感[话题]# #铠皇[话题]# #铠增强[话题]#
1571	xiaohongshu	2026-08-12T20:31	0	本人双区国50刘备，在做小老弟是不是又闷了
1572	xiaohongshu	2026-08-12T20:35	1	？我喜欢
1573	xiaohongshu	2026-08-12T20:43	0	小咩宅加你了！
1574	xiaohongshu	2026-08-12T20:54	752	又爽又强还好玩！超极限狂潮最强英雄！2.0 #王者荣耀[话题]# #超极限狂潮[话题]# #MOBA[话题]# #电子竞技[话题]#
1575	xiaohongshu	2026-08-12T20:57	0	真的假的
1576	xiaohongshu	2026-08-12T21:02	0	感觉这4个英雄确实该加强了
1577	xiaohongshu	2026-08-12T21:03	0	感觉前期不错，后期可能打不过那几个主流高等级阵容，比如三分倒转轮椅嫦娥和刷牌玉环，也不一定打得过新手大河阵营，本质还是有点吃运气[捂脸R]
1578	xiaohongshu	2026-08-12T21:04	1	哪吒做纯输出，选击杀助攻，叠攻击力
1579	xiaohongshu	2026-08-12T21:05	0	爆裂蛋也没有了？
1580	xiaohongshu	2026-08-12T21:05	1	主播要玩蚩姹
1581	xiaohongshu	2026-08-12T21:15	0	貂蝉选的是什么
1582	xiaohongshu	2026-08-12T21:20	0	什么位置[暗中观察R]
1583	xiaohongshu	2026-08-12T21:23	0	明天上线的太期待了。
1584	xiaohongshu	2026-08-12T21:28	191	王者荣耀你对不起孙尚香 #王者荣耀[话题]# #孙尚香[话题]#
1585	xiaohongshu	2026-08-12T21:29	42	别削弱别削弱别削弱！ 你干脆把发育路删了得了[抓狂R]#王者荣耀[话题]# #王者策划[话题]# #王者策划司马[话题]# #百里守约[话题]# #别来沾边儿[话题]# #发育路[话题]# #发育路现状[话题]#
1586	xiaohongshu	2026-08-12T21:31	0	守约要削弱了吗？？我操，削啥了？
1587	xiaohongshu	2026-08-12T21:32	13	中路什么时候集体削弱过？ 冷却鞋45%冷却上限的老黄历没有必要提了，那会法师普遍两个技能8k伤害，瞬秒荣耀花木兰免伤最超标的时候 就算是老黄历，射手陆续重做，坦克集体砍伤害，法师只有王昭君这种离谱的在凤凰于飞后大砍过，另外一个离谱的弈星是被说难玩然后因为漫画人物热度重做。 在统一度量衡阶段里，发育路失去了精准，失去了高额减速，失去了平a多段构成，前期攻击力，后期攻击 打野统一变成了额外攻击力，蓝领打野基本都需要队友帮忙清野，导致野核刷钱吃中线玩法代替了路人局中野结构变化 坦克集体砍伤害，集体砍清线速度，并且现在开团的控制能力也随着装备集体受害 中路在统一度量衡里集体变肉了，冷却集体好叠了，除了老弈星嬴政这种破2.1k法强的英雄，普遍集体加强了，那么中路的集体削弱就只有万血千攻版本里，砍了星杖和血书（因为艾琳超标），没法接着1.1w血，1k法强，550双防。第二次集体削弱就是回蓝小件移除和法穿鞋削弱，后续法穿鞋回调。 #王者荣耀[话题]# #王者荣耀削弱[话题]# #王者荣耀中路[话题]# #王者荣耀调整[话题]# #平衡性调整[话题]# #中路[话题]# #超标[话题]#
1588	xiaohongshu	2026-08-12T21:41	0	中路最大的调整就是辅助改成了游走，没空吃中路钱或者需要和中路平分钱的坦野和坦边没有出场率，中路移除额外资源导致辅助不跟中路，让这些打野快的野核有空抢中路钱
1589	xiaohongshu	2026-08-12T21:41	21	守约才加强了一个月。。。之前下水道了不知多久
1590	xiaohongshu	2026-08-12T21:42	1	香香已经被遗忘了
1591	xiaohongshu	2026-08-12T21:42	1	请让香香幸福
1592	xiaohongshu	2026-08-12T21:45	37	中路皮肤卖完我就削削削
1593	xiaohongshu	2026-08-12T21:46	0	大招的代价感觉又把强度拉下去了[笑哭R]
1594	xiaohongshu	2026-08-12T21:48	7	香被削了那么多[抽泣R]…每次玩她都想哭[抽泣R]……
1595	xiaohongshu	2026-08-12T21:50	0	人物头像下面的数字是什么意思？
1596	xiaohongshu	2026-08-12T21:55	2	中路集体削过减速，比如貂蝉和王昭君
1597	xiaohongshu	2026-08-12T21:55	10	孙尚香你已经多少天没有出过皮肤了……
1598	xiaohongshu	2026-08-12T22:01	0	芜湖
1599	xiaohongshu	2026-08-12T22:04	0	刚充好钱准备明天买皮肤[笑哭R]还是算了
1600	xiaohongshu	2026-08-12T22:08	0	感觉叱咤很一般，他攻速在高，这建膜也是有上限，给他改成那个吸血效果的超级恶心人
1601	xiaohongshu	2026-08-12T22:09	0	法师还不砍吗？
1602	xiaohongshu	2026-08-12T22:10	0	[飞吻R]
1603	xiaohongshu	2026-08-12T22:12	1	装备数值和技能加速减速不是都有改吗？比如猫咪以前是百分比加速现在改成固定移速持续时间也下调了[捂脸R]
1604	xiaohongshu	2026-08-12T22:18	3	杨戬，马超，裴擒虎，龙人，海月哪个不超标啊，削我司空震
1605	xiaohongshu	2026-08-12T22:26	0	英雄池窄导致处理不了[捂脸R]
1606	xiaohongshu	2026-08-12T22:35	0	灵魂呢？
1607	xiaohongshu	2026-08-12T22:36	0	[哭惹R]铭文呢？
1608	xiaohongshu	2026-08-12T22:46	0	我去试试[笑哭R]
1609	xiaohongshu	2026-08-12T22:47	45	王者这优化速度还在发力啊 昨天下班还跟朋友吐槽，最近几个英雄手感有点怪，技能放不了 尤其是刘备叔叔使不上劲留不住人，玩着玩着我已红温 结果今天就看到公告说要优化了，小王你这网速还真是可以吧 #王者荣耀[话题]# #王者优化[话题]# #王者听劝[话题]# #王者荣耀更新[话题]# #峡谷日常[话题]# #游戏玩家的日常[话题]#
1610	xiaohongshu	2026-08-12T22:51	0	吓死了看标题还以为有司马懿啥事。。。
1611	xiaohongshu	2026-08-12T23:00	6	依旧卖完皮肤就削
1612	xiaohongshu	2026-08-12T23:07	0	这三个哪个不能被秒
1613	xiaohongshu	2026-08-12T23:09	7	开挂了家人们 王者新推出的夏日特色超极限活动真的很好玩哈哈哈，在这个模式里，猪八戒真的太强了，血条都黑成条形码了都，只有主播默默的换了三个梦魇[笑哭R][笑哭R][笑哭R][笑哭R][笑哭R] 这把对局结束的方式也很抓马，我们开局已经沟通过了不要推塔，奈何都看嗨了，谁来管管超级兵[笑哭R][笑哭R][笑哭R] #王者荣耀[话题]##王者荣耀夏日盛典[话题]# #王者荣耀超极限狂潮模式[话题]# #王者荣耀超极限狂潮打法[话题]# #王者荣耀夏日活动[话题]# #王者荣耀夏日系列[话题]#
1614	xiaohongshu	2026-08-12T23:10	15	才卖完皮肤就削我去
1615	xiaohongshu	2026-08-12T23:14	6	8.12王者辅助英雄梯度排行 玩辅助上分，别一味死保射手，脑子要灵活，优先看阵容选英雄。T0 梯队能抢就抢，T1 是稳妥选择，新手不要硬冲操作门槛很高的英雄。T2、T3 千万不要一楼秒选，得等对面出完英雄后手 counter，T4 尽量别拿来冲分，娱乐局玩玩就行。 前期不要死黏射手，看打野动向，能帮打野入侵就去帮，帮完再回发育路；对线期做好河道视野，防止被抓，不要无脑冲上去开团。硬辅多找机会探视野、骗技能；软辅站位靠后，优先保护自家输出，不要第一个冲前排。 打团分清主次，自家 C 位发育好就以保人为主；打野节奏好就跟着打野主动找机会。不要乱逛到处送，辅助死多了全队视野直接崩盘。单排尽量选有自保、有开团能力的，少选纯挂件英雄，避免输赢完全靠队友。 BP 阶段多留意对面阵容，对面爆发多选护盾、回血类辅助；对面突进多选强控辅助。不要迷信某一个英雄，多练两到三个不同类型辅助，根据阵容灵活更换，放平心态，辅助做好视野和节奏，就很容易上分。#王者荣耀工作室[话题]# #清晨电竞[话题]# #梯度排行[话题]#
1616	xiaohongshu	2026-08-12T23:31	0	两个朵莉亚一个T2一个T4（虽然朵朵没有队友可以刷技能确定拉）？还有俩大禹
1617	xiaohongshu	2026-08-12T23:33	8	我这个是不是太不明显了…之前叫名女神苏暖暖，感觉自己打的太菜了好丢脸给改了[扶墙R]
1618	xiaohongshu	2026-08-12T23:47	0	主包你好厉害 求个好友位[萌萌哒R]
1619	xiaohongshu	2026-08-12T23:48	2	叠甲我只是普通发育路玩家，并非高分绝活哥 暗信跑得快，攻速快，回血强，移动霸体，追着人咬根本打不死也控不住，小地图见到他就开始逃命，跑又跑不过，追到你脸上还没a两下直接秒了。 光信更是不小心吃到一个大招就没了。见到他开始蓄力就跑路才能保一条命，然后又蹦到你脸上唰唰唰各方向放一堆技能交闪都未必能活。 感觉这英雄真的好吓人，单挑一直在被秒，叫上队友抓他又抓不到，一眼没看住塔就没了，想守塔过去就送一个，越塔沙我沙完出塔人还是半血。 一堆人吐槽这英雄弱势选出来吃分，玩家自己也不停哭弱。回血伤害移速攻速霸体啥都有了到底弱在哪，或者这英雄有什么很好反制的方法吗我不了解。求讲解 #王者荣耀[话题]# #李信[话题]#
1620	xiaohongshu	2026-08-12T23:48	13	网速可以，为什么妲己无双一直没优化他就是不想优化
1621	xiaohongshu	2026-08-12T23:51	0	才吐槽刘备手感，今天公告就优化了
1622	xiaohongshu	2026-08-12T23:53	3	我每天刷小红书都能看到一大堆骂玩李信的，那我觉得还是继续哭弱吧）
1623	xiaohongshu	2026-08-12T23:54	0	666，干脆按照这个给朵莉亚出个皮肤算了
1624	xiaohongshu	2026-08-12T23:55	0	加强孙策
1625	xiaohongshu	2026-08-12T23:58	21	超标英雄卢雅那，爆炸伤害轻松拿五杀 #王者荣耀[话题]# #好视频扶持计划[话题]# #夏日农友节全员集结[话题]# #农友票选英雄卢雅那[话题]# #卢雅那[话题]# #王者新英雄卢雅那即将上线[话题]#
1626	xiaohongshu	2026-08-12T23:58	0	小王网速是10G这话我第一个信，所以乔瑜安排起来
1627	xiaohongshu	2026-08-12T23:58	3	这王者策划都不是玩发育路的玩对抗和辅助的，就喜欢砍守约上个月刚砍现在皮肤还没卖完已经又要来一刀了，就非要改成对抗打野近身就死的射手[捂脸R]
1628	xiaohongshu	2026-08-13T00:04	0	刚被刘备贴脸打不出去气到我不行了
1629	xiaohongshu	2026-08-13T00:10	6	王者荣耀策划你是真逆天 1. 王者策划平衡逻辑彻底逆天，只会拆东墙补西墙，弱势英雄视而不见，冷门装备乱砍，超标英雄拖沓半个赛季才微调。 ​ 2. 策划眼里只有皮肤流水，不管英雄对局体验！妲己这种无位移脆皮，生存全靠运气不加强，反手还加长二技能CD，完全无视高分段下水道现状。 ​ 3. 装备大改纯逆天操作，删除二级小件，坦克法师前期发育直接崩盘，统一数值一刀切，所有英雄差异化全磨没了。 ​ 4. 匹配机制摆烂不管，演员挂机放任自流，反倒整水晶强制闭麦这种无用改动，输了憋屈连吐槽渠道都堵死，策划到底懂不懂玩家要什么？#王者匹配机制[话题]# #王者日记[话题]# #王者荣耀[话题]# #王者荣耀上分[话题]#
1630	xiaohongshu	2026-08-13T00:41	0	专精装是什么？是哪件装备？
1631	xiaohongshu	2026-08-13T00:49	0	伽罗有鸡毛用，全输出 把鞋子卖了点那些几万血还是打不死，
1632	xiaohongshu	2026-08-13T01:02	1	一堆三体人
1633	xiaohongshu	2026-08-13T01:14	0	河道之灵删了算吗
1634	xiaohongshu	2026-08-13T01:15	0	中路如果说砍只能说砍了装备整体的法强强度，还有给部分肉装加了法防，减速这东西是整个游戏全对半砍。坦边最伤的是俩个，一个是技能物理加成全砍，导致伤害贼低；另一个是装备砍了，火甲砍了导致清线速度变慢，冰脉冰心这俩砍蓝量导致老英雄清线都费劲，打两下没蓝了
1635	xiaohongshu	2026-08-13T01:18	73	弈星不增强有几个原因 #王者荣耀[话题]# #小王夏令营[话题]# #一人一个王者热知识[话题]# #弈星[话题]# #增强弈星[话题]# #搞笑[话题]# #日常[话题]# #我的王者高光解说台[话题]# #峡谷绝活大赏[话题]# #王者日记[话题]#
1636	xiaohongshu	2026-08-13T01:20	0	给我削回去！！！[扶墙R]
1637	xiaohongshu	2026-08-13T01:24	0	张飞
1638	xiaohongshu	2026-08-13T01:32	8	大招加一点伤害蹭个助攻也好啊[汗颜R]谁懂框五个但是一二技能，急冲冲跑上去队友杀完了一个助攻没混到
1639	xiaohongshu	2026-08-13T01:35	12	会不会太自然了 好弱势的阵容 #王者荣耀[话题]# #海月[话题]#
1640	xiaohongshu	2026-08-13T01:36	3	一点苦也不想吃啊你们
1641	xiaohongshu	2026-08-13T01:50	0	太多双抗装备，一件黄盾加一件霸者就血厚防高
1642	xiaohongshu	2026-08-13T02:03	0	弈星出场率低有一部分原因就是太弱了，我以前老爱玩这个角色了后面发现跟其他中单比伤害太低了就再也没拿过
1643	xiaohongshu	2026-08-13T02:06	0	好多熟人 很久没玩10v10了 不知道排位什么时候出
1644	xiaohongshu	2026-08-13T02:09	0	孙尚香呢[害羞R]
1645	xiaohongshu	2026-08-13T02:28	0	攻速盘古，谁玩谁知道
1646	xiaohongshu	2026-08-13T02:36	2	蒙犽，技能命中，物攻斩杀，一技能突突不断，自带穿透一次性打好几个，二技能弹射弹好几个，大招打好几个，叠层巨快，一把拿了两个五杀[赞R][赞R][赞R]
1647	xiaohongshu	2026-08-13T02:37	0	煮啵ID心恰似天使羽，严肃申请好友位了！[棒R][萌萌哒R]
1648	xiaohongshu	2026-08-13T02:38	13	本来只差一颗星上王者的。。 现在差四颗星了，，什么牛鬼蛇神都给我排成队友了，不然就是对面一堆超标英雄，，#王者荣耀上分[话题]# #到底是谁在赢[话题]# #王者匹配机制[话题]#
1649	xiaohongshu	2026-08-13T02:38	6	辅助单排真的好难打，，
1650	xiaohongshu	2026-08-13T02:40	0	[哭惹R]我马上要从星耀掉钻石了
1651	xiaohongshu	2026-08-13T02:41	0	哈哈哈哈哈 我怎么4连跪
1652	xiaohongshu	2026-08-13T02:42	14	影都牢成啥了
1653	xiaohongshu	2026-08-13T02:42	0	我咋感觉这英雄挺超标的，自带一个名刀，再出一个炽热支配，基本上不会死，大招要是框得好，这个团战就稳了
1654	xiaohongshu	2026-08-13T02:44	16	削弱猪八戒，在对面是天蓬元帅在我方就是个荷兰猪[笑哭R][笑哭R][笑哭R][笑哭R][笑哭R][笑哭R][笑哭R][笑哭R][笑哭R][笑哭R][笑哭R][笑哭R][笑哭R]
1655	xiaohongshu	2026-08-13T02:45	1	凌晨真心的不建议打因为白天那批打巅峰的有些这个点跑去打排位了[失望R]
1656	xiaohongshu	2026-08-13T03:01	0	太强了[doge]因为没啥人玩，很多人轻视打一手信息差[笑哭R]
1657	xiaohongshu	2026-08-13T03:02	0	有没有一起玩的星耀局尽力C[哭惹R]
1658	xiaohongshu	2026-08-13T03:12	3	我玩的是提供治疗，增加法强的蔡文姬。[微笑R]
1659	xiaohongshu	2026-08-13T03:20	0	物攻鲁班，后期三四万的肉一个强普能直接打成丝血，甚至能秒了
1660	xiaohongshu	2026-08-13T04:56	1	昨晚连输，然后不服气，直接通宵，结果段位不升反降[哭惹R][哭惹R][哭惹R]
1661	xiaohongshu	2026-08-13T05:08	0	加强会被攻击的，就这样牢着吧，挺好的
1662	xiaohongshu	2026-08-13T05:26	0	其实全看人…一把硬辅不玩就是能上2400
1663	xiaohongshu	2026-08-13T05:30	0	呵呵，妲己无双怎么不见他优化，还有芈月的典藏
1664	xiaohongshu	2026-08-13T05:57	4	是这英雄的玩家弥补了英雄强度这一点，上次被削了之后强度算正常的。
1665	xiaohongshu	2026-08-13T06:11	0	我天，发育路刘备回归了[叹气R]
1666	xiaohongshu	2026-08-13T06:14	4	没用，你玩肉队友守不住家，你玩输出没人保你，这个模式我打了好多局了，然后就开始演我了，一直输[捂脸R]
1667	xiaohongshu	2026-08-13T06:25	0	我这么样的野王只有白富美配得上我 嘻嘻，最喜欢带着富婆姐姐到匹配局里去炸鱼，看对面被我打的0-几就舒服，然后我就一直回城嘲讽，不好意思，我太强了，你们不够格#王者荣耀[话题]# #野王[话题]#
1668	xiaohongshu	2026-08-13T06:58	0	有点装了
1669	xiaohongshu	2026-08-13T07:19	3	半夜打也不行下午打也不行早上打也不行每次遇到神人厉害的都在对面[捂脸R][捂脸R][捂脸R]
1670	xiaohongshu	2026-08-13T07:32	3	本来发育路就一堆老英雄，好不容易有个瘸腿的勉强能玩现在还要猛踹瘸子那条好腿[汗颜R]你守约哥哥皮肤都没卖完，就挨连砍两刀[汗颜R]
1671	xiaohongshu	2026-08-13T07:48	0	二技能改之前kpl出场率还挺高的，改之后kpl都没人玩了。今年好像也就出现过两三局。能不能改回来啊[完啦R]
1672	xiaohongshu	2026-08-13T07:57	0	没啥特别注意的，这个炸鱼都费劲的英雄一般没人会针对
1673	xiaohongshu	2026-08-13T08:00	0	明天几点上线啊？
1674	xiaohongshu	2026-08-13T08:32	0	云中君，选加攻击，打脆皮和肉都是融化
1675	xiaohongshu	2026-08-13T08:33	1	[笑哭R]谁懂之前我玩射手第一次遇到光信的救赎感，打个对线阴死我了
1676	xiaohongshu	2026-08-13T08:38	0	是在挂人吗。不是的话，六千分玄策也能装上了[汗颜R]
1677	xiaohongshu	2026-08-13T08:49	0	守约、龙人 伤害高哈哈啊哈哈
1678	xiaohongshu	2026-08-13T08:54	0	谁发现这玩意儿背景音乐是甲乙丙丁
1679	xiaohongshu	2026-08-13T09:13	0	之前打梦境遇到一对情侣叫天气是冷冷的 心是暖暖的，不过不好意思相认，那段时间又正好换掉了暖暖头像[哭惹R]
1680	xiaohongshu	2026-08-13T09:16	0	法强和减速啊，以前回响帽子不算被动从240+260削到210+210不就导致回响被当做冰杖的下位了吗，还有减速啊，冰杖从最开始90%到20%再到现在技能加平a才能有20%但是大部分法师都不平a，而且还有统一度量衡的砍减速，就是这个减速一砍王昭君直接中路辅助都掉到下水道了
1681	xiaohongshu	2026-08-13T09:27	26	没有人认出来我哈哈哈
1682	xiaohongshu	2026-08-13T09:30	0	黄盾再削孙策后期的续航真炸了
1683	xiaohongshu	2026-08-13T09:32	2	百级吕布真的太强了！ #王者万象棋[话题]# #王者万象棋定档9月[话题]# #万象棋红薯创作团[话题]# #王者万象棋体验服开服[话题]# #王者荣耀[话题]#
1684	xiaohongshu	2026-08-13T09:38	1	@好耶 我真服了
1685	xiaohongshu	2026-08-13T09:49	6	卖完皮肤估计要削弱了 前几天策划直播，公认中路最超标英雄海月，策划也透露出了后续可能会有削弱计划。 有没有uu讨论一下会不会大砍一刀削成下水道[石化R]，还是说只是小削一下。巅峰赛bp率高达90％以上，估计被削没跑了，但我希望只是小削一下别从T0变成下水道因为我就会且只爱玩这一个英雄[叹气R]#原来你也玩王者[话题]# #王者dd[话题]# #王者荣耀排位[话题]# #海月[话题]# #中路法师[话题]#
1686	xiaohongshu	2026-08-13T09:53	1	赛季刚更新时，一大堆人都说是削弱
1687	xiaohongshu	2026-08-13T09:54	0	直接回调吧显然不可能因为全皮肤特效改了，只能削数值，只能说看脸了秒不了人就是下水道
1688	xiaohongshu	2026-08-13T09:57	0	弈星强度配不上颜值！
1689	xiaohongshu	2026-08-13T10:04	0	有些人太牢了，就会给他匹配鸡爪流玩家
1690	xiaohongshu	2026-08-13T10:12	0	看看这种[黄金薯R]一眼看成份
1691	xiaohongshu	2026-08-13T10:12	0	它属于全面加强法术吸血装削弱帽子回响面具(原装备成型三大件)等而且增加了很多防装当中的法抗属性（原来有法抗的基本就魔女），其实按道理说已经算全面下调了，但是它没想到法师现在成型更快[doge]梦魇吸血书/辉月炽热一出又能挂减疗又能游龙（减少回家次数）然后再一出法穿你那帽子我不出都行，所以坏心办好事呃呃呃
1692	xiaohongshu	2026-08-13T10:13	1	我服了，玩第五人格屠夫被策划虐待，回来王者继续玩射手射手更是被虐待[呃R]，我是什么m吗[黄金薯R]（守约本命玩家）
1693	xiaohongshu	2026-08-13T10:19	0	那你的意思是 ，这不就相当于越打越猛吗 越往后打越轻松
1694	xiaohongshu	2026-08-13T10:20	2	我觉得策划一直想动她免伤，上回没成，这回肯定还是想从这方面砍
1695	xiaohongshu	2026-08-13T10:21	1	传送海诺才是大刷子，赢了两三颗星输了可能不扣可能才扣几十分
1696	xiaohongshu	2026-08-13T10:25	0	另外我真的想说就算中路削弱成游走的伤害也不可能真正意义上的变成牢路，小王策划没想明白一点，为什么端游老前辈里边中路强，不仅仅是技能装备，还有它本身就是前期最能出节奏的分路，你就算把法术装备全删了还有物理中单最后再删了还有坦克中单
1697	xiaohongshu	2026-08-13T10:26	1	真的，李信其实强度蛮高的。那天我朋友拿我号打了一把，拿了四杀，还发我了视频。这是我一辈子都不敢想的事情[捂脸R] [视频] 25s
1698	xiaohongshu	2026-08-13T10:29	0	能不能改成以前那样啊
1699	xiaohongshu	2026-08-13T10:30	1	发育路光信本来战士身板外加前中期有大招有二技能的情况下，伤害肯定不低的。而且他有霸体 不怕你控，贴脸打一套就可以直接走，没必要在前 10 分钟跟他发力，你到后期装备成型再跟他打。线上，你就清线就行。叫辅助把两边草排干净啊，免得他草里一个蓄大，你直接没了。李信没升 4 级前不强，但是他升到 4 级之后，就可以打得过大多数发育路了，还是稳一点，加上都玩发育路光信了 大多数都是有一定手法的
1700	xiaohongshu	2026-08-13T10:35	0	评分机制拉夯了
1701	xiaohongshu	2026-08-13T10:44	1	你看评论区就知道了，还有说弱的[笑哭R]
1702	xiaohongshu	2026-08-13T10:45	7	就爱玩点弱势英雄🥹 我们大乔女士真是中辅两开花啊🚬 #王者荣耀排位[话题]# #王者日记[话题]#
1703	xiaohongshu	2026-08-13T10:45	0	你君这赛季要不是有神器清兵和甄姬不相上下苦命，现在霸体无敌无法选中各种免控机制一堆的，更别提甚至不用位移你可以躲开，有位移的更是随便躲
1704	xiaohongshu	2026-08-13T10:46	7	强势的看完了 弱势呢
1705	xiaohongshu	2026-08-13T10:46	0	雷霆之王！太强了！ #司空震梦女[话题]# #司空震[话题]# #王者荣耀[话题]#
1706	xiaohongshu	2026-08-13T10:50	1	？请问谁弱势[呃R]
1707	xiaohongshu	2026-08-13T10:53	2	一点苦不吃啊你
1708	xiaohongshu	2026-08-13T10:53	2	再削就成小兵了
1709	xiaohongshu	2026-08-13T10:54	0	我早上11点左右打，感觉还行
1710	xiaohongshu	2026-08-13T10:59	3	你这图上有弱势的吗
1711	xiaohongshu	2026-08-13T11:02	0	再削就没伤害了💔
1712	xiaohongshu	2026-08-13T11:09	0	你农完全是坦克装超标但是坦克出不起 那么只能给战士出
1713	xiaohongshu	2026-08-13T11:14	0	试了一下，出电刀流伤害感觉更高了，纯普攻有一千五的伤害
1714	xiaohongshu	2026-08-13T11:24	0	估计就是之前那版把免伤去掉换护盾了吧 然后再削点数值什么的[捂脸R]
1715	xiaohongshu	2026-08-13T11:25	0	这赛季瑶的胜率75%玩别的就输[笑哭R]那还说啥了 玩瑶躺呗
1716	xiaohongshu	2026-08-13T11:26	0	这是热度排行吧[笑哭R]
1717	xiaohongshu	2026-08-13T11:33	0	哪吒和司马懿海诺是最超标的
1718	xiaohongshu	2026-08-13T11:38	0	最近五个赛季连着被削弱过三个赛季吧，以前妲己都能第一件出大书，顺风四分多就出了，而且不怎么卡装备，三个小件，然后差四百多块就能合大书，现在是两个小件1600左右，卡一千块真空期出大书。然后以前各种小件都有功能很舒服，小回响有爆炸伤害，小圣杯有回蓝等，搞得现在海诺没圣杯前极度削弱，打不了几次团就没蓝。诸如此类就不说了。
1719	xiaohongshu	2026-08-13T11:47	0	我真气笑了，澜海报偏左立马优化，妲己偏右装瞎，真有你的@王者荣耀 🙂
1720	xiaohongshu	2026-08-13T11:48	0	万战怎么拿的 太强了 #王者荣耀[话题]# #王者匹配机制[话题]# #王者日记[话题]# #新赛季[话题]# #王者[话题]#
1721	xiaohongshu	2026-08-13T11:50	0	D
1722	xiaohongshu	2026-08-13T11:52	1	标只拿过一次的几乎都是代的，小号除外
1723	xiaohongshu	2026-08-13T11:54	26	影超标？我早已麻痹
1724	xiaohongshu	2026-08-13T11:56	0	削数值吧我感觉她技能伤害太高了[笑哭R]
1725	xiaohongshu	2026-08-13T12:00	0	普通玩家六十评分正常，一万三场次多就能上去了，60/70评没什么区别，只是看谁摆烂少，评分高是不会一直菜，评分低就是很少能c，王者荣耀没什么操作难度，主要还是靠意识，只靠意识就可以打高分段，意识+超标可以打顶分局，牢英雄还没意识就只能靠积分
1726	xiaohongshu	2026-08-13T12:00	0	前几天打了一晚上十几把不信邪一直打 结果输了12把 到现在都还没缓过来不敢打 到底超标在哪
1727	xiaohongshu	2026-08-13T12:02	1	削弱前可以毫无负担的说这玩意阴没边了，削弱后就纯纯炸鱼生物了，光暗信在高分局胜率接近切都不超过五十，而在大盘里面暗信胜率能到55，这就是问题所在，很多英雄的长短板是非常明显的，这也是bp的意义，但大盘里面很多人bp纯纯是看哪个不爽而已，根本没有考虑对局，这就导致暗信这种能随意刷随便带随意拉扯，这也导致策划很难对李信动刀，你再砍就是直接查无此人，不砍大盘又不去反制，于是乎最近多了老多克制暗信教学
1728	xiaohongshu	2026-08-13T12:08	0	长板非常长。但短板也短。一定要看阵容选，特定阵容是大爹。阵容合适，一个暗信可以废掉对面边野
1729	xiaohongshu	2026-08-13T12:23	0	还不如把回弹移除呢，现在大家觉得伤害高就是因为多了回弹，原来的本体伤害没那么高，也秒不掉人，本来就是多出的伤害，也不稳定
1730	xiaohongshu	2026-08-13T12:30	0	其实赛季初很多人觉得是根本没解决痛点，加了反弹机制对战边的压制反而更强了。1.2技能砍伤害数值但对兵野伤害提升xx%，大招反弹取消，免伤降低，出来后给0.5秒无敌加一段类似幻境中的一段位移[嘻嘻R]
1731	xiaohongshu	2026-08-13T12:31	0	大乔不是除了打野都能上吗[赞R]
1732	xiaohongshu	2026-08-13T12:31	2	✨：金牌打野元流之子｜乱杀全场太丝滑⚡ 12‑3‑6直接拿下金牌打野🏆 节奏拉满，一路带飞拿下胜利💥 这个英雄玩明白真的很强！ #王者荣耀[话题]# #元流之子[话题]# #王者荣耀打野[话题]# #排位高光[话题]# #金牌打野[话题]#
1733	xiaohongshu	2026-08-13T12:37	0	强加王昭君
1734	xiaohongshu	2026-08-13T12:44	0	元射跟公孫離一個強度怎麼可能
1735	xiaohongshu	2026-08-13T12:46	0	光信需要手法，而暗信没有位移，即使有霸体，但在高端局摸不到人，因为如果你想今天就必须一技能，但一技能没伤害，你就只能平a，平a的时候又没霸体会被一套控死，再加上偷塔机制被削，只能打团，所以暗信在中低端局对面只会硬刚时随便打，但段位高了以后对面会拉扯，有控制后根本摸不到人，很难打
1736	xiaohongshu	2026-08-13T12:47	0	黄盾一出坦度翻倍，有肉有输出有回血，太过完美
1737	xiaohongshu	2026-08-13T12:48	0	只有辣鸡的玩家没有辣鸡的英雄，再牢的英雄在绝活哥手里也能很强
1738	xiaohongshu	2026-08-13T13:06	0	？
1739	xiaohongshu	2026-08-13T13:07	0	打不死我追不上我，庄周奥义主打一个浪[吃瓜R]玩游戏嘛，浪起来最开心，当然鱼辅助的话射手不能选站桩的，不然库库被切，鱼很难保活自家c[笑哭R]
1740	xiaohongshu	2026-08-13T13:13	2	主要是海月和镜阿离火舞一样属于高分段限定英雄[笑哭R]大众分段胜率低的没眼看 但是区别就是另外三个属于难度问题海月是极度吃队友 如果大削低分段数据会更差
1741	xiaohongshu	2026-08-13T13:17	1	肯定要加强王昭君啊，王昭君削弱多少次了？二技能前摇太长了，而且你没经济，没装备的话，你一套根本秒不了人，王昭君也就团战大招有用，实则有经济，你一套秒不了人。。。
1742	xiaohongshu	2026-08-13T13:18	1	王者-刘备8月13日最新调整 #王者荣耀[话题]#
1743	xiaohongshu	2026-08-13T13:27	0	领先三四千照样没威胁
1744	xiaohongshu	2026-08-13T13:29	0	全是强度 没有手法[捂脸R]
1745	xiaohongshu	2026-08-13T13:40	0	感觉他这个玩法有一点儿拉高上限了，但是下限依旧低的可怜。
1746	xiaohongshu	2026-08-13T13:41	0	至今没人认出我头像[哭惹R]
1747	xiaohongshu	2026-08-13T13:41	0	那祝你把把排到李信队友，行不行？
1748	xiaohongshu	2026-08-13T13:47	0	单挑英雄不配在第一[捂脸R]
1749	xiaohongshu	2026-08-13T13:49	4	说实话，海月玩家真的觉得海月需要一次大削弱，让舆论小一点回到上赛季的ban率……其实策划还是会做平调，因为海月全分段的胜率实在太低[石化R]
1750	xiaohongshu	2026-08-13T13:51	0	我带你上[doge]
1751	xiaohongshu	2026-08-13T13:51	5	开团隐藏阴间超标赵云 我的天呐赵云大人，一个赛季啥节奏都没有。事实上恐怕是保底t1稳t0.5的打野了吧[皱眉R]脆皮见到赵云不亚于见到猴子，我甚至说白了猴子数值还没他超标。猴子还得依靠暴击，而我们的赵云大人纯靠自己数值就能灌死四级所有英雄了[捂嘴笑R]不知道的还以为难度和镜差不多呢，结果发现只要点几下大招二技能对面人就消失了。还有些人还停留在赵云很弱的时代，排位碰到的阴的要死还爱哭弱[心心眼R] #打野[话题]# #开团[话题]# #超标[话题]# #赵云[话题]# #王者荣耀[话题]# #王者荣耀热门[话题]# #打野的快乐[话题]#
1752	xiaohongshu	2026-08-13T13:51	5	影前期伤害是前茅，但cd长度也是前茅啊，大招那50秒左右真空期是一点不说啊。不过后期加强这点还是能看看做成什么样的
1753	xiaohongshu	2026-08-13T13:56	2	我觉得猴子更恶心，被赵云蹲了还有跑的机会，被猴子蹲了一个暴击直接死了
1754	xiaohongshu	2026-08-13T14:06	8	这种帖子都有人发？有啥意义嘛？声明我不是赵云玩家。过一阵子会削弱的，不用开团。一点意思也没用。好好写作业去。受得了拿去上分，受不了删除游戏。这帖子发了干啥？？？[黑薯问号R]
1755	xiaohongshu	2026-08-13T14:09	3	赵云不难吧，你觉得超标就用他去上分好了，不否认他这个赛季确实不下水道了，但是超标从何说起
1756	xiaohongshu	2026-08-13T14:24	0	666元歌超标的来了，敢不敢去打一下杨戬，程咬金😂😂😂
1757	xiaohongshu	2026-08-13T14:25	2	赵云中规中矩算不上超标好不好[捂脸R]
1758	xiaohongshu	2026-08-13T14:25	1	赵云强度t1，但是练习成本太低，谁都会玩
1759	xiaohongshu	2026-08-13T14:31	0	？？刚出皮肤就削弱
1760	xiaohongshu	2026-08-13T14:45	2	两棍敲碎名刀 我全程没惹他，他就杀一个人在那嘲讽 可以设一个嘲讽举报吗#孙悟空[话题]##王者荣耀[话题]##削弱孙悟空[话题]#
1761	xiaohongshu	2026-08-13T14:45	0	迦罗，刘备。还有那个谁拿那个炮的。再加一个蒙芽，远程拆塔
1762	xiaohongshu	2026-08-13T14:54	0	看来小妲己还好[doge]
1763	xiaohongshu	2026-08-13T15:10	0	为啥我鲁班不变大，只有个盾
1764	xiaohongshu	2026-08-13T15:18	0	希望大招画完范围马上就生效，现在的延迟很卡手[笑哭R]
1765	xiaohongshu	2026-08-13T15:24	1	HOK8.13公告 英雄调整与问题修复 加强英雄:不知火舞，百里玄策，法提赫，达摩 削弱英雄:桑启，艾琳，蒙犽 升级:卢雅那 后羿削弱一持续时间，增加伤害#王者荣耀国际服[话题]##王者荣耀[话题]##HOK[话题]##超流乱斗[话题]##王者[话题]#
1766	xiaohongshu	2026-08-13T15:26	0	难打的很
1767	xiaohongshu	2026-08-13T15:27	3	谁在钻石局狙击我 最近老刷到开团妲己或者说超标，看到真的难绷。这英雄强度就一控，T3T4的英雄有什么好开团的😂妲己炸个鱼都难，换个其他法师早赢了，确实无脑但太原始人了吃思路。 思路都比不过人家那还有什么好说，换个其他英雄照样赢。觉得超标就拿去上分，T1T0不开团开了个妲己，最短手的英雄能被妲己近身一套的那确实没话说。 现在某些顺顺也是乱咬，开始的选软辅就摆，到现在选妲己就摆，李信打团永远少一人的司凤，五楼无前排拿个芈月正面永远四打五，反制位藏个兰陵王的怎么没人说😂 叠甲，我除了对抗都会玩，妲己是我比较喜欢在对面的英雄了比其他三体人机制落后太多了。觉得超标的说白了就是菜，谁在1200拿妲己给我钻石五千分兄弟打破防了。没提到任何人，自避，谁破防咬我了自己带分来。[捂脸R] #王者荣耀[话题]# #辅助[话题]# #妲己[话题]##bp[话题]# #排位上分[话题]# #排位[话题]#
1768	xiaohongshu	2026-08-13T15:28	1	这是国服还是国际服
1769	xiaohongshu	2026-08-13T15:31	0	一说妲己弱，那堆只是被对策卡的个别英雄玩家就搁那叫，真不知道这些人脑子都在想什么
1770	xiaohongshu	2026-08-13T15:33	0	可能卖的不好，龙人好像没被削？但确实没必要削
1771	xiaohongshu	2026-08-13T15:34	0	体验服曾经有一版开大变狐狸的那个挺好玩的不知道为什么不上，这个英雄现在最大的问题就是太无聊了
1772	xiaohongshu	2026-08-13T15:35	0	我觉得妲己的问题不是超不超标，是操作太简单，逮到就是一套231不解释连招，大家被妲己秒掉之后就会想，我这么有手法有操作，凭什么被你戳两下屏幕带走。
1773	xiaohongshu	2026-08-13T15:37	0	本命妲己…真的不强 不知道在超标啥…一开始打的时候没什么思路就很菜，打多了才慢慢摸索出来。而且感觉这个赛季妲己更菜了，要不是喜欢我真的不想打，
1774	xiaohongshu	2026-08-13T15:38	0	前几天抽了妲己皮肤，心血来潮开了一把中路，我直接研发3-8了[笑哭了R]弱得吓人
1775	xiaohongshu	2026-08-13T15:39	0	上次遇到个韩信不会用霸体躲我技能总是被我秒然后破防了来了句我玩妲己超标[捂脸R]我玩妲己最怕的就是那种会用霸体躲我控的韩信
1776	xiaohongshu	2026-08-13T15:41	12	王者荣耀我真是要卸载你了 真不知道戈娅这英雄有什么好改的，之前的短喷机制当bug改了就不说什么了，超级起步有什么超标的，就为了卖fmvp皮肤硬改是吧[完啦R] #王者荣耀[话题]# #王者荣耀戈娅[话题]#
1777	xiaohongshu	2026-08-13T15:47	16	原来保命能力强的射手就是超标射手了 策划想干嘛。。。对我们射手好点。。。#王者荣耀[话题]##百里守约[话题]#
1778	xiaohongshu	2026-08-13T15:47	0	玄策在分高点的局什么情况啊，这么调天眼少年会不会激增啊[偷笑R]
1779	xiaohongshu	2026-08-13T15:47	1	之前的百里也是，以前多有特色，给改成不伦不类的[捂脸R]
1780	xiaohongshu	2026-08-13T15:48	0	真为了皮肤销量脸都不要了[捂脸R][捂脸R]
1781	xiaohongshu	2026-08-13T15:55	0	支持了，改版之后的不满意就给我改回以前的技能[回招呼]
1782	xiaohongshu	2026-08-13T15:58	0	每次改英雄都没好事，刘备就是个例子，一个英雄印象中重做第三次了。之前满怀期待拉了一堆票，最后改出来个什么玩意，现在又要改，真nm够了，还不如就原来那个样子，起码玩的顺手[吃瓜R]
1783	xiaohongshu	2026-08-13T15:59	0	#王者荣耀[话题]##元流之子超标[话题]#
1784	xiaohongshu	2026-08-13T16:01	0	太好了，我吕布又加强了，爆裂挺好
1785	xiaohongshu	2026-08-13T16:05	0	回退！回退到久诚的那个年代
1786	xiaohongshu	2026-08-13T16:07	0	扁鹊吧
1787	xiaohongshu	2026-08-13T16:08	0	但是元流有特定的背景故事吗?我还是喜欢有内核的英雄，我玩元流纯属因为她超标[doge]平常不拿看对面太超标了才拿[doge]
1788	xiaohongshu	2026-08-13T16:09	0	扁鹊够爽的
1789	xiaohongshu	2026-08-13T16:09	3	S44八月打野梯度榜｜选对打野稳上分！ S44赛季8月最新打野强度排行来啦～ T0版本答案闭眼冲，T4慎选容易坐牢！ 想稳定上分优先pick梯队靠前的英雄， 排位少走弯路，看完直接抄作业👇 #王者荣耀[话题]# #王者荣耀S44[话题]# #打野梯度[话题]# #王者荣耀打野[话题]# #王者上分[话题]#
1790	xiaohongshu	2026-08-13T16:10	0	欺负一个元流?
1791	xiaohongshu	2026-08-13T16:10	0	我遇到过一次哈哈哈哈，开局看到对面也有暖暖头像，局内我俩认亲了，我发天是冷冷的，她回的心是暖暖的，嘿嘿，不过我俩就聊了一句，还是正常打的[暗中观察R]
1792	xiaohongshu	2026-08-13T16:13	0	没有吧，元流现在感觉就元辅元射强一点，元坦要是发育断一波直接就废了，元刺元法也是
1793	xiaohongshu	2026-08-13T16:13	0	姐妹这是一点苦不愿意吃[偷笑R][偷笑R]
1794	xiaohongshu	2026-08-13T16:16	0	怎么感觉两只猴子是同一个T度的呢？
1795	xiaohongshu	2026-08-13T16:21	0	最爱的名字[doge]
1796	xiaohongshu	2026-08-13T16:21	0	不是我诸葛亮呢[笑哭R]沦为垫脚石
1797	xiaohongshu	2026-08-13T16:22	0	就是嘛
1798	xiaohongshu	2026-08-13T16:26	0	自己改成一坨，以前是极端，不代表改完的版本就合理[微笑R][微笑R][微笑R]以前好歹沾个好玩，实在不行还能改法伤走中路
1799	xiaohongshu	2026-08-13T16:28	1	还会继续超标的，还有两个皮肤没出
1800	xiaohongshu	2026-08-13T16:29	2	给大家推荐个伪代 太强了 @雾雨 #李华[话题]# #排位[话题]# #王者荣耀上分[话题]# #王者荣耀排位[话题]# #排位上分[话题]# #王者荣耀[话题]# #上分如喝水[话题]# #王者荣耀游戏搭子[话题]# #上分[话题]# #原来你也玩王者[话题]#
1801	xiaohongshu	2026-08-13T16:29	0	我的和我闺蜜的，不过至今没遇到暖妈打招呼，之前遇到一个小暖头像的，不过那把没开
1802	xiaohongshu	2026-08-13T16:31	0	妲己的被动是打完一套等死
1803	xiaohongshu	2026-08-13T16:31	0	太权威了[哇R][哇R]
1804	xiaohongshu	2026-08-13T16:31	0	赵云切百里，等他用一发再切[抠鼻R]
1805	xiaohongshu	2026-08-13T16:34	0	陪你玩吧
1806	xiaohongshu	2026-08-13T16:36	0	说妲己超标的，自己拿妲己去玩2000分段，看队友骂不骂[黄金薯R]
1807	xiaohongshu	2026-08-13T16:39	0	关羽和马超怎么不削弱？
1808	xiaohongshu	2026-08-13T16:40	0	中路从来没见削过
1809	xiaohongshu	2026-08-13T16:41	0	我只说一个蚩姹
1810	xiaohongshu	2026-08-13T16:41	0	骗你的，策划打不过的都要削
1811	xiaohongshu	2026-08-13T16:47	0	可以试试技能命中敌方英雄，加物攻的米莱狄[偷笑R][偷笑R]（最好队友是大肉）
1812	xiaohongshu	2026-08-13T16:48	0	得射手玩百里，辅助要么玩墨子打配合，要么就玩可以出节奏的，和中野一起游走，百里抗压，我唯一一把赢了的[笑哭R]
1813	xiaohongshu	2026-08-13T16:52	0	小满很弱是吗？
